cluster_id,cluster_type,role,sector,section_header,policy_statement,parent_statement,verbatim_text,extraction_rationale
,parent_with_subs,parent,Cross-sector,OVERARCHING STRATEGIES,"Overarching strategies to support achieving Austin’s net-zero by 2040 goal, including green jobs, prioritizing community initiatives, regional collaboration, and local carbon reduction/CDR/offsets guidance.",,"## OVERARCHING STRATEGIES

## Green Jobs and Entrepreneurship

## Prioritize Local Community Initiatives

## Regional Collaboration

## Local Carbon Reduction Projects, Carbon Dioxide Removal, and Carbon Offsets",Named umbrella set of strategies with multiple listed sub-items under it.
,parent_with_subs,sub,Cross-sector,OVERARCHING STRATEGIES,"Create green jobs and entrepreneurship opportunities that advance the plan, expand economic opportunity and inclusion, and build decision-making power in low-income communities and communities of color.","Overarching strategies to support achieving Austin’s net-zero by 2040 goal, including green jobs, prioritizing community initiatives, regional collaboration, and local carbon reduction/CDR/offsets guidance.","## Green Jobs and Entrepreneurship
- Create green jobs and entrepreneurship opportunities that advance the goals of this plan, expand economic opportunity and inclusion, and build agency and decision-making power in low-income communities and communities of color.",Specific intervention to create green jobs/entrepreneurship with defined equity focus.
,parent_with_subs,sub,Cross-sector,OVERARCHING STRATEGIES,"Recognize and support existing community-led organizations, businesses, and programs to achieve the plan’s goals and build a green and just economy and culture.","Overarching strategies to support achieving Austin’s net-zero by 2040 goal, including green jobs, prioritizing community initiatives, regional collaboration, and local carbon reduction/CDR/offsets guidance.","## Prioritize Local Community Initiatives
- Recognize and support existing community-led organizations, businesses, and programs that can help achieve the goals in this plan while building a green and just economy and culture.",Concrete support action directed at community-led initiatives.
,parent_with_subs,sub,Cross-sector,OVERARCHING STRATEGIES,"Create a Texas Climate Collaborative linking elected officials, City staff, and utility staff across major Texas cities and neighboring jurisdictions to focus on implementation lessons, technology demand aggregation, and statewide policy changes.","Overarching strategies to support achieving Austin’s net-zero by 2040 goal, including green jobs, prioritizing community initiatives, regional collaboration, and local carbon reduction/CDR/offsets guidance.","## Regional Collaboration
- Create a Texas Climate Collaborative linking elected officials, City staff, and utility staff working to implement recently adopted climate plans in San Antonio, Houston, Dallas, and Austin. Work with cities across the state and neighboring cities, such as Round Rock, Cedar Park, Buda, Pflugerville, San Marcos, and Kyle, and the five-county governments: Travis, Williamson, Hays, Bastrop, and Caldwell.",Specific institutional collaboration mechanism is named and described.
,parent_with_subs,sub,Cross-sector,OVERARCHING STRATEGIES,"Establish clear support and prioritization for local greenhouse gas reduction and carbon removal projects and use carbon offsets when necessary, guided by defined criteria and a 10% annual cap on offsets.","Overarching strategies to support achieving Austin’s net-zero by 2040 goal, including green jobs, prioritizing community initiatives, regional collaboration, and local carbon reduction/CDR/offsets guidance.","## Local Carbon Reduction Projects, Carbon Dioxide Removal, and Carbon Offsets
- Establish clear support and prioritization for local greenhouse gas reduction and carbon removal projects, carbon dioxide removal, and carbon offsets when necessary.

...For any given year, carbon offsets should constitute no more than 10% of the baseline.",Specific policy guidance with an explicit quantitative constraint on offsets (<=10%).
,parent_with_subs,parent,Buildings,SUSTAINABLE BUILDINGS — GOAL 1,"Sustainable Buildings: achieve net-zero carbon for all new buildings, reduce emissions by 25% for existing buildings, and lower natural gas-related emissions by 30% by 2030.",,"By 2030, achieve net-zero carbon* for all new buildings and reduce emissions by 25% for existing buildings while lowering all natural gas-related emissions by 30%.","Quantified, time-bound goal with multiple implementation strategies listed beneath."
,parent_with_subs,sub,Buildings,SUSTAINABLE BUILDINGS — GOAL 1,"Pursue an energy poverty mitigation strategy so that repair, energy conservation, and renewable energy incentives/program benefits flow to low-income communities and communities of color, including support/expansion of low-income weatherization and neighborhood preparedness.","Sustainable Buildings: achieve net-zero carbon for all new buildings, reduce emissions by 25% for existing buildings, and lower natural gas-related emissions by 30% by 2030.","## Strategy 1: Ensure benefits flow to low-income communities and communities of color
Pursue a comprehensive energy poverty mitigation strategy by partnering with trusted community organizations, affordable housing developers, and schools in equitable outreach and program development. ... Support and expand upon existing low-income weatherization programs.","Specific intervention (energy poverty mitigation, weatherization support) with clear target populations."
,parent_with_subs,sub,Buildings,SUSTAINABLE BUILDINGS — GOAL 1,"Enhance building energy savings understanding through outreach, culturally relevant communications, expanded benchmarking requirements for all existing buildings, and improved access to energy and water data.","Sustainable Buildings: achieve net-zero carbon for all new buildings, reduce emissions by 25% for existing buildings, and lower natural gas-related emissions by 30% by 2030.","## Strategy 2: Enhance understanding of energy consumption
Enhance resident and building owner understanding of energy savings opportunities, benefits, and climate impacts of energy consumption. This will be done through direct outreach, culturally relevant communications, expanding benchmarking requirements for all existing buildings, and better access to energy and water data.","Lists concrete mechanisms (benchmarking expansion, data access, outreach)."
,parent_with_subs,sub,Buildings,SUSTAINABLE BUILDINGS — GOAL 1,"Achieve net-zero carbon buildings via new building energy codes/amendments and decarbonize existing buildings through incentives and education, including electrification, peak-load shifting, distributed generation, and gas-to-electric replacement.","Sustainable Buildings: achieve net-zero carbon for all new buildings, reduce emissions by 25% for existing buildings, and lower natural gas-related emissions by 30% by 2030.","## Strategy 3: Achieve energy-efficient, net-zero carbon buildings
Achieve goal milestones for net-zero carbon buildings through new building energy codes, amendments, and other methods. Engage owners and operators of existing buildings to decarbonize through incentives and education for contractors and occupants.","Specific policy levers (codes, incentives, education) tied to defined decarbonization actions."
,parent_with_subs,sub,Buildings,SUSTAINABLE BUILDINGS — GOAL 1,"Partner with unions, education, and advocacy organizations to create equitable workforce development and training for emerging building decarbonization technologies.","Sustainable Buildings: achieve net-zero carbon for all new buildings, reduce emissions by 25% for existing buildings, and lower natural gas-related emissions by 30% by 2030.","## Strategy 4: Ensure equitable workforce development for emerging technologies
Prioritize investment in local emissions reduction and create equitable workforce development and training opportunities for emerging technologies by partnering with local unions, education, and advocacy organizations that serve low-income communities and communities of color.",Concrete workforce development intervention with specified partners and beneficiaries.
,parent_with_subs,parent,Buildings,SUSTAINABLE BUILDINGS — GOAL 2,Sustainable Buildings: reduce community-wide greenhouse gas emissions from refrigerant leakage by 25% by 2030.,,"By 2030, reduce community-wide greenhouse gas emissions from refrigerant leakage by 25%.","Quantified, time-bound goal with multiple listed strategies beneath it."
,parent_with_subs,sub,Buildings,SUSTAINABLE BUILDINGS — GOAL 2,Develop a refrigerant destruction program that prices older high-GWP refrigerants to increase capture and safely destroy harmful gases.,Sustainable Buildings: reduce community-wide greenhouse gas emissions from refrigerant leakage by 25% by 2030.,"## Strategy 1: Capture and destroy old refrigerants
Develop a refrigerant destruction program that places a price on older high ozone-depleting substances and global warming potential (GWP) refrigerants.",Specific program intervention (destruction program with pricing mechanism).
,parent_with_subs,sub,Buildings,SUSTAINABLE BUILDINGS — GOAL 2,"Pursue local code amendments and other action to enable low/no-GWP refrigerants as soon as feasible, following revised code developments.",Sustainable Buildings: reduce community-wide greenhouse gas emissions from refrigerant leakage by 25% by 2030.,"## Strategy 2: Improve building codes to encourage cleaner refrigerants
Closely follow developments in revised building codes that allow the use of low and no GWP refrigerants ... and move forward with code amendments and other local action as soon as feasible.",Concrete regulatory mechanism: code amendments when feasible.
,parent_with_subs,sub,Buildings,SUSTAINABLE BUILDINGS — GOAL 2,"Partner with food and HVAC-related businesses to create incentives for refrigerant leak detection, prevention, and repair.",Sustainable Buildings: reduce community-wide greenhouse gas emissions from refrigerant leakage by 25% by 2030.,"## Strategy 3: Create incentives for leak detection and repair
Partner with grocery stores, convenience stores, restaurants, restaurant supply companies, refrigerated warehouses, and HVAC tune-up and repair companies to create an incentive for designing and tracking refrigerant leak detection, prevention, and repair.",Specific incentive-based intervention with identified target sectors.
,parent_with_subs,sub,Buildings,SUSTAINABLE BUILDINGS — GOAL 2,"Create an awareness, education, and training campaign on refrigerant management for HVAC providers and building staff, and implement a leak detection/prevention/repair program at City-owned facilities.",Sustainable Buildings: reduce community-wide greenhouse gas emissions from refrigerant leakage by 25% by 2030.,"## Strategy 4: Awareness and training for HVAC service providers
Create an awareness, education, and training campaign ... Lead by example by implementing a refrigerant leak detection, prevention, and repair program at City-owned facilities.",Specific campaign plus a City operational commitment (lead by example).
,parent_with_subs,sub,Buildings,SUSTAINABLE BUILDINGS — GOAL 2,"Reduce refrigerant use volumes by expanding codes and incentives favoring passive design, reduction, and efficiency and educating stakeholders.",Sustainable Buildings: reduce community-wide greenhouse gas emissions from refrigerant leakage by 25% by 2030.,"## Strategy 5: Reduce the volume of refrigerants
Emphasize the link between design and refrigerant use by reducing and preventing the use of refrigerants ... Ensure codes and incentives that favor passive design, reduction, and efficiency are expanded and prioritized.",Concrete direction to expand/prioritize codes and incentives to reduce refrigerant reliance.
,parent_with_subs,parent,Buildings,SUSTAINABLE BUILDINGS — GOAL 3,Sustainable Buildings: reduce the embodied carbon footprint of building materials used in local construction by 40% from a 2020 baseline by 2030 (not exceeding 500 kg CO2e/m2 per project).,,"By 2030, reduce the embodied carbon footprint of building materials used in local construction by 40% from a 2020 baseline*.

*The embodied carbon associated with the construction and materials must not exceed 500 kg CO2e/m 2 (~100 lbs. CO2e/sf) per project.","Quantified target, baseline year, deadline, and an explicit intensity threshold; followed by multiple strategies."
,parent_with_subs,sub,Buildings,SUSTAINABLE BUILDINGS — GOAL 3,"Develop City of Austin design/construction specifications and purchasing agreements to deliver healthy, low-carbon buildings and prioritize healthy building strategies in community facilities serving low-income communities and communities of color first.",Sustainable Buildings: reduce the embodied carbon footprint of building materials used in local construction by 40% from a 2020 baseline by 2030 (not exceeding 500 kg CO2e/m2 per project).,"## Strategy 1: Lead by example through design and construction standards
... develop City of Austin design and construction specifications and purchasing agreements to result in healthy, low-carbon buildings.
... prioritize in community centers, libraries, and other community facilities serving low-income communities and communities of color first.",Concrete government procurement/standards commitment (lead by example).
,parent_with_subs,sub,Buildings,SUSTAINABLE BUILDINGS — GOAL 3,"Integrate lower-carbon materials and deconstruction into City incentive programs (e.g., expedited permitting and Austin Energy Green Building) and transition voluntary guidance into agreements over time.",Sustainable Buildings: reduce the embodied carbon footprint of building materials used in local construction by 40% from a 2020 baseline by 2030 (not exceeding 500 kg CO2e/m2 per project).,"## Strategy 2: Incentivize lower-carbon materials
Enhance and integrate lower-carbon building materials and deconstruction practices into City incentive programs, like the expedited permitting process and Austin Energy's Green Building program, to transition voluntary design guidance into planning and development agreements over time.",Specific intervention using incentives and planning/development agreements.
,parent_with_subs,sub,Buildings,SUSTAINABLE BUILDINGS — GOAL 3,"Create an education/performance framework on building materials best practices, focusing on low-income communities and communities of color, to reduce lifecycle and health impacts.",Sustainable Buildings: reduce the embodied carbon footprint of building materials used in local construction by 40% from a 2020 baseline by 2030 (not exceeding 500 kg CO2e/m2 per project).,"## Strategy 3: Educate stakeholders on materials best practices
Create a performance framework and educational programming for industry professionals and the general public, focusing on low-income communities and communities of color, to reduce the lifecycle and negative health impacts of building materials and construction practices.",Specific programming commitment with target audience focus.
,parent_with_subs,sub,Buildings,SUSTAINABLE BUILDINGS — GOAL 3,"Prioritize partnerships in local materials markets to decarbonize high-impact materials (glass, steel, aluminum, concrete, drywall, insulation, carpet) and encourage growth of local businesses creating materials from recovered sources.",Sustainable Buildings: reduce the embodied carbon footprint of building materials used in local construction by 40% from a 2020 baseline by 2030 (not exceeding 500 kg CO2e/m2 per project).,"## Strategy 4: Stimulate decarbonization with local producers installation
Prioritize partnerships within local materials markets to decarbonize high-impact materials, specifically glass, steel, aluminum, concrete, drywall, insulation, and carpet.",Concrete industrial/materials decarbonization focus naming targeted materials.
,parent_with_subs,parent,Water,SUSTAINABLE BUILDINGS — GOAL 4,"Sustainable Buildings/Water: equitably achieve a community-wide water demand of approximately 152,000 acre-feet per year by 2030 by implementing strategies in the Water Forward Plan.",,"By 2030, equitably achieve a community-wide water demand of approximately 152,000 acre-feet per year by implementing strategies in the Water Forward Plan.","Quantified, time-bound demand target with multiple implementation strategies listed."
,parent_with_subs,sub,Water,SUSTAINABLE BUILDINGS — GOAL 4,"Enhance community engagement and partnerships to advance Water Forward equity via My ATX Water (AMI), incentives, and ordinances, including targeted outreach and demographic monitoring of program participation.","Sustainable Buildings/Water: equitably achieve a community-wide water demand of approximately 152,000 acre-feet per year by 2030 by implementing strategies in the Water Forward Plan.","## Strategy 1: Engage residents in water efficiency technological transitions, and conservation programs
Enhance community engagement strategies and create partnerships with community organizations to advance equity through Water Forward strategies, including My ATX Water (Advanced Metering Infrastructure), incentives, and ordinances.","Specific actions (engagement, partnerships, AMI/incentives/ordinances) to implement Water Forward equitably."
,parent_with_subs,sub,Water,SUSTAINABLE BUILDINGS — GOAL 4,"Evaluate program criteria to remove structural barriers and expand enrollment in the Customer Assistance Program and other low-income customer programs, including equity assessments of design and eligibility (e.g., multifamily).","Sustainable Buildings/Water: equitably achieve a community-wide water demand of approximately 152,000 acre-feet per year by 2030 by implementing strategies in the Water Forward Plan.","## Strategy 2: Evaluate water conservation, customer assistance, and workforce development program participation criteria
Evaluate program criteria to identify opportunities to address structural barriers that prevent program participation. ... explore strategies to expand enrollment in the Customer Assistance Program and increase participation in other programs serving low-income customers.",Concrete commitment to evaluate/adjust eligibility and participation criteria for assistance programs.
,parent_with_subs,sub,Water,SUSTAINABLE BUILDINGS — GOAL 4,"Assess and pursue water-energy nexus measures to reduce emissions, including evaluating Austin Water facility energy use and quantifying emissions impacts of customer water demand reductions.","Sustainable Buildings/Water: equitably achieve a community-wide water demand of approximately 152,000 acre-feet per year by 2030 by implementing strategies in the Water Forward Plan.","## Strategy 3: Reduce emissions at the water-energy nexus
Assess how water demand reduction is associated with energy consumption in residential and commercial buildings and Austin Water facilities. Identify and pursue synergistic water conservation and energy management optimization efforts.",Specific assessment and optimization actions linking conservation to emissions reductions.
,parent_with_subs,parent,Transport,TRANSPORTATION AND LAND USE — GOAL 1,"Transportation and Land Use: by 2030, 80% of new non-residential development will be located within the city’s Imagine Austin activity centers and corridors.",,"By 2030, 80% of new non-residential development is located within the city's Imagine Austin activity centers and corridors.",Quantified land use target with multiple strategies listed beneath.
,parent_with_subs,sub,Transport,TRANSPORTATION AND LAND USE — GOAL 1,Adopt Complete Communities plans to reverse historical racist displacement impacts and preserve neighborhoods in communities of color.,"Transportation and Land Use: by 2030, 80% of new non-residential development will be located within the city’s Imagine Austin activity centers and corridors.","## Strategy 1: Plan for complete communities
Adopt Complete Communities plans that reverse historical and racist impacts on areas experiencing displacement and preserve neighborhoods in communities of color.",Specific planning action commitment (adopt plans) with equity purpose.
,parent_with_subs,sub,Transport,TRANSPORTATION AND LAND USE — GOAL 1,"Work with medium and large employers to locate places of business in growth centers and along corridors, including funding anti-displacement measures and providing community amenities in development projects.","Transportation and Land Use: by 2030, 80% of new non-residential development will be located within the city’s Imagine Austin activity centers and corridors.","## Strategy 2: Work with employers on location and amenities
Work with medium and large employers to locate their places of business in growth centers and along corridors.

## How we'll get there:
- Work with local corporations to fund anti-displacement measures...","Specific intervention engaging employers plus associated measures (anti-displacement, amenities)."
,parent_with_subs,sub,Transport,TRANSPORTATION AND LAND USE — GOAL 1,Create community mobility hubs (including park-and-ride) adjacent to transit stops to offer first/last mile options and amenities.,"Transportation and Land Use: by 2030, 80% of new non-residential development will be located within the city’s Imagine Austin activity centers and corridors.","## Strategy 3 : Create mobility hubs
Create community mobility hubs, including park-and-ride facilities, adjacent to transit stops to offer a complete trip experience.",Specific infrastructure/program intervention.
,parent_with_subs,sub,Transport,TRANSPORTATION AND LAND USE — GOAL 1,"Phase out free parking for employees at City facilities and other large employers within 1/2 mile of the transit priority network and offer alternatives (cash-out, transit passes, teleworking, etc.), including developing City remote work policies to reduce parking demand.","Transportation and Land Use: by 2030, 80% of new non-residential development will be located within the city’s Imagine Austin activity centers and corridors.","## Strategy 4: Phase out free parking
Phase out the practice of providing free parking spaces to employees at City of Austin facilities and other large employers located within 1/2 mile of the Austin Strategic Mobility Plan's transit priority network. Instead, offer a parking cash-out... support for teleworking...
- The City of Austin should develop more remote work policies...",Specific policy change (parking benefit removal) with defined alternative measures; amended text adds remote work policy action.
,parent_with_subs,parent,Housing,TRANSPORTATION AND LAND USE — GOAL 2,"Transportation and Land Use: by 2027, preserve and produce 135,000 housing units including 60,000 affordable units, with 75% of new housing within 1/2 mile of activity centers and corridors.",,"By 2027, preserve and produce 135,000 housing units, including 60,000 affordable housing units*, with 75% of new housing located within ½ mile of Imagine Austin activity centers and corridors.","Quantified, time-bound housing production/preservation and location target with strategies listed."
,parent_with_subs,sub,Housing,TRANSPORTATION AND LAND USE — GOAL 2,Provide immediate affordable housing assistance by engaging displacement-vulnerable communities and monitoring at-risk affordable properties to extend affordability.,"Transportation and Land Use: by 2027, preserve and produce 135,000 housing units including 60,000 affordable units, with 75% of new housing within 1/2 mile of activity centers and corridors.","## Strategy 1: Offer immediate affordable housing assistance
Engage directly with communities that are vulnerable to displacement and connect them with services. Proactively monitor affordable housing properties at risk of losing their affordability status to extend the period of affordability.",Concrete assistance and monitoring actions to preserve affordability.
,parent_with_subs,sub,Housing,TRANSPORTATION AND LAND USE — GOAL 2,"Increase funding for the City Housing Trust Fund and expand affordable housing tools (e.g., property acquisition, density bonus expansion, preference policy) to fund affordable housing.","Transportation and Land Use: by 2027, preserve and produce 135,000 housing units including 60,000 affordable units, with 75% of new housing within 1/2 mile of activity centers and corridors.","## Strategy 2: Fund affordable housing
Increase funding for the City's current Housing Trust Fund...

## How we'll get there:
- The City may purchase properties...
- Recalibrate, streamline, and expand density bonus programs...",Resource allocation commitment (increase funding) plus specific mechanisms.
,parent_with_subs,sub,Housing,TRANSPORTATION AND LAND USE — GOAL 2,"Include impacted communities in Housing Investment Review Committee activities and in creating anti-displacement programs, with culturally relevant outreach for subsidized units in gentrifying areas.","Transportation and Land Use: by 2027, preserve and produce 135,000 housing units including 60,000 affordable units, with 75% of new housing within 1/2 mile of activity centers and corridors.","## Strategy 3: Enhance community engagement for affordable housing and antidisplacement programs
Include low-income communities, communities of color, and people with disabilities directly affected by systemic inequalities in the City's Housing Investment Review Committee activities and when creating anti-displacement programs.",Specific governance/engagement commitment tied to implementation of housing programs.
,parent_with_subs,parent,Transport,TRANSPORTATION AND LAND USE — GOAL 3,"Transportation and Land Use: by 2030, 50% of trips will be by public transit, biking, walking, carpooling, or avoided through working from home.",,"By 2030, 50% of trips in Austin are made using public transit, biking, walking, carpooling, or avoided altogether by working from home*.",Quantified mode-share target with multiple strategies listed beneath.
,parent_with_subs,sub,Transport,TRANSPORTATION AND LAND USE — GOAL 3,"Work with the Austin Transit Partnership to implement Project Connect and expand/improve public transportation, including needs assessment, expanded paratransit, and anti-displacement measures.","Transportation and Land Use: by 2030, 50% of trips will be by public transit, biking, walking, carpooling, or avoided through working from home.","## Strategy 1: Expand and improve public transportation
Work with the Austin Transit Partnership to implement Project Connect and expand and improve public transportation services.
How we'll get there:
- Conduct a community needs assessment...
- Expand paratransit...",Specific implementation commitment tied to a named transit program (Project Connect).
,parent_with_subs,sub,Transport,TRANSPORTATION AND LAND USE — GOAL 3,"Expand free transit options through Capital Metro to increase transportation access for low-income communities, communities of color, and people with disabilities.","Transportation and Land Use: by 2030, 50% of trips will be by public transit, biking, walking, carpooling, or avoided through working from home.","## Strategy 2: Promote free transportation options
... Expand free transit options, including through Capital Metro, to provide increased transportation access for low-income communities, communities of color, and people with disabilities.",Specific intervention (expanding free transit options) with target populations.
,parent_with_subs,sub,Transport,TRANSPORTATION AND LAND USE — GOAL 3,Improve transit stops and station access with community engagement and enforce ADA and Public Rights-of-Way Accessibility Guidelines around transit facilities.,"Transportation and Land Use: by 2030, 50% of trips will be by public transit, biking, walking, carpooling, or avoided through working from home.","## Strategy 3: Enhance transit stations and stops
... engage ... to improve transit stops, stations, and access...
- Enforce the Americans with Disabilities Act (ADA) and Public Rights-of-Way Accessibility Guidelines regulations...",Concrete accessibility/enforcement mechanism and facility improvement action.
,parent_with_subs,sub,Transport,TRANSPORTATION AND LAND USE — GOAL 3,"Implement Proposition B transportation infrastructure bonds for sidewalks, bikeways, trails, safety projects, safe routes to school, and substandard streets in low-income communities and communities of color.","Transportation and Land Use: by 2030, 50% of trips will be by public transit, biking, walking, carpooling, or avoided through working from home.","## Strategy 4: Prioritize bicycle networks
Implement the 2020 Proposition B voter-approved general obligation bonds for transportation infrastructure, including sidewalks... bikeways, urban trails... in low-income communities and communities of color...",Explicit implementation of a voter-approved bond program with specified investments and equity targeting.
,parent_with_subs,sub,Transport,TRANSPORTATION AND LAND USE — GOAL 3,Provide free or reduced-price bicycles and training for communities of color and train police on bicycle laws and racial profiling.,"Transportation and Land Use: by 2030, 50% of trips will be by public transit, biking, walking, carpooling, or avoided through working from home.","## Strategy 5: Enhance bicycle education and training
Provide access to free or reduced-priced bicycles and basic bicycle training for communities of color and train police officers on bicycle laws and racial profiling...",Concrete program and training actions with specified beneficiaries.
,parent_with_subs,sub,Transport,TRANSPORTATION AND LAND USE — GOAL 3,"Update Sidewalk and Urban Trails plans emphasizing equity and build priority segments and ADA barrier fixes, including shade/lighting and prioritization of systematically excluded areas.","Transportation and Land Use: by 2030, 50% of trips will be by public transit, biking, walking, carpooling, or avoided through working from home.","## Strategy 6: Improve sidewalks, urban trails, and crossings
Update the City's Sidewalk Plan and Urban Trails Plan, emphasizing equity...
- Build all high- and very-high-priority sidewalk and trail segments and address ADA barriers and gaps...",Specific planning update and infrastructure build commitments.
,parent_with_subs,sub,Transport,TRANSPORTATION AND LAND USE — GOAL 3,"Promote remote/telework and flexible commute policies, including a City telework policy encouraging at least 85% of eligible City employees to telework, to support mode-shift goals.","Transportation and Land Use: by 2030, 50% of trips will be by public transit, biking, walking, carpooling, or avoided through working from home.","## Strategy 7: Promote remote and flexible work policies
Actively promote remote work, telework, and flexible commute policies...
This should include a strategy to implement a City of Austin telework policy encouraging no less than 85% of eligible City of Austin employees to participate in telework.",Specific quantified telework participation commitment tied to travel reduction goals.
,parent_with_subs,parent,Transport,TRANSPORTATION ELECTRIFICATION — GOAL 1,"Transportation Electrification: by 2030, electrify 40% of total vehicle miles traveled in Austin and ensure EV ownership is culturally, geographically, and economically diverse (about 460,000 EVs).",,"By 2030, 40% of total vehicle miles traveled in Austin are electrified, and electric vehicle ownership is culturally, geographically, and economically diverse. This translates to approximately 460,000 electric vehicles on the road.","Quantified, time-bound electrification target plus equity condition; followed by strategies."
,parent_with_subs,sub,Transport,TRANSPORTATION ELECTRIFICATION — GOAL 1,"Complete an EV Community Needs Assessment to inform an EV adoption growth plan, working with community partners and hiring residents to help conduct the assessment.","Transportation Electrification: by 2030, electrify 40% of total vehicle miles traveled in Austin and ensure EV ownership is culturally, geographically, and economically diverse (about 460,000 EVs).","## Strategy 1: Conduct an EV Community Needs Assessment
Complete an Electric Vehicle Community Needs Assessment... The assessment will inform an EV adoption growth plan...
- Hire residents in the communities we aim to serve to help conduct the needs assessment.",Specific assessment deliverable and implementation approach.
,parent_with_subs,sub,Transport,TRANSPORTATION ELECTRIFICATION — GOAL 1,Create inclusive incentives for buying or leasing EVs that prioritize low-income communities and communities of color and areas with limited transit access.,"Transportation Electrification: by 2030, electrify 40% of total vehicle miles traveled in Austin and ensure EV ownership is culturally, geographically, and economically diverse (about 460,000 EVs).","## Strategy 2: Create equitable incentives for buying and leasing EVs
... create inclusive and easily accessible incentives for buying or leasing electric vehicles... prioritize low-income communities and communities of color, and focus on geographic areas with limited or no access to transit.",Concrete incentive policy targeted to specified populations/areas.
,parent_with_subs,sub,Transport,TRANSPORTATION ELECTRIFICATION — GOAL 1,Partner with mobility authorities to reduce or eliminate toll rates for low-income communities and communities of color who drive EVs on toll roads from the Eastern Crescent to central Austin.,"Transportation Electrification: by 2030, electrify 40% of total vehicle miles traveled in Austin and ensure EV ownership is culturally, geographically, and economically diverse (about 460,000 EVs).","## Strategy 3: Reduce tolls for EVs in the Eastern Crescent
Partner with highway and regional mobility authorities to offer a reduced or eliminated toll rate for low-income communities and communities of color who drive EVs on toll roads from the Eastern Crescent to central Austin.",Specific pricing policy intervention with defined geography and beneficiary groups.
,parent_with_subs,sub,Transport,TRANSPORTATION ELECTRIFICATION — GOAL 1,"Create an e-bike and electric car-sharing program centered on low-income communities and communities of color, with an income threshold and displacement actions.","Transportation Electrification: by 2030, electrify 40% of total vehicle miles traveled in Austin and ensure EV ownership is culturally, geographically, and economically diverse (about 460,000 EVs).","## Strategy 4: Launch an e-bike and electric car-sharing program
Create an electric bike and car-sharing program centered on low-income communities and communities of color...
- Create an income threshold to ensure that low-income residents can access the program and plan specific actions to address displacement.",Specific shared mobility program commitment with eligibility mechanism.
,parent_with_subs,sub,Transport,TRANSPORTATION ELECTRIFICATION — GOAL 1,"Encourage public sector fleets in the five-county MSA to commit to buying 100% electric vehicles when available, cost-competitive, and operationally suitable, using collaborative purchasing to reduce upfront costs.","Transportation Electrification: by 2030, electrify 40% of total vehicle miles traveled in Austin and ensure EV ownership is culturally, geographically, and economically diverse (about 460,000 EVs).","## Strategy 5: Electrify public sector fleet vehicles
... commit to buying 100% electric vehicles when they are available, cost-competitive, and meet operational needs.
How we'll get there:
- Partner with Austin-area public fleets to participate in the Climate Mayors Electric Vehicle Purchasing Collaborative...",Concrete fleet procurement commitment with conditions and mechanism.
,parent_with_subs,parent,Transport,TRANSPORTATION ELECTRIFICATION — GOAL 2,"Transportation Electrification: by 2030, provide an equitably distributed mix of Level 1, Level 2, and DC fast charging to accommodate 40% of VMT (about 37,000 charging ports; 226 MW load).",,"By 2030, Austin has a compelling and equitably distributed mix of level 1, 2, and DC fast charging infrastructure to accommodate 40% of total vehicle miles traveled in the city. This translates to 226 megawatts of electrical load and could mean more than 37,000 charging ports.",Quantified infrastructure target with deadline and strategies listed.
,parent_with_subs,sub,Transport,TRANSPORTATION ELECTRIFICATION — GOAL 2,"Incentivize installation of EV charging to create a low-cost, reliable network, prioritizing systematically excluded areas and installing charging on publicly owned land where needed.","Transportation Electrification: by 2030, provide an equitably distributed mix of Level 1, Level 2, and DC fast charging to accommodate 40% of VMT (about 37,000 charging ports; 226 MW load).","## Strategy 1: Create a network with more low-cost, accessible charging stations
Continue to incentivize the installation of EV charging infrastructure...
- Prioritize areas that have been systematically excluded... Fill in gaps by installing EV charging on publicly owned land...",Specific infrastructure/incentive action with stated equity prioritization.
,parent_with_subs,sub,Transport,TRANSPORTATION ELECTRIFICATION — GOAL 2,"Incentivize internet-connected smart charging to support grid reliability, accessibility, and lower costs.","Transportation Electrification: by 2030, provide an equitably distributed mix of Level 1, Level 2, and DC fast charging to accommodate 40% of VMT (about 37,000 charging ports; 226 MW load).","## Strategy 2: Incentivize internet-connected smart charging
By 2030, the City will have a network of intelligent charging that supports grid reliability and resilience... Incentivize internet-connected charging infrastructure...",Concrete incentive action with a stated system objective (smart charging network).
,parent_with_subs,sub,Transport,TRANSPORTATION ELECTRIFICATION — GOAL 2,"Adopt new energy and building codes to address future EV charging needs, including requirements for EV chargers at commercial/multifamily, and EV-ready single-family homes, with mechanisms to offset costs to prevent displacement.","Transportation Electrification: by 2030, provide an equitably distributed mix of Level 1, Level 2, and DC fast charging to accommodate 40% of VMT (about 37,000 charging ports; 226 MW load).","## Strategy 3: Adopt new energy and building codes
Adopt new energy and building codes that address future EV charging needs...
- ... requiring EV chargers at commercial and multifamily properties, and requiring single-family homes to be EV charger-ready.
- Create mechanisms to address the additional costs that drive displacement...",Regulatory commitment with explicit examples of requirements and equity mitigation.
,parent_with_subs,sub,Transport,TRANSPORTATION ELECTRIFICATION — GOAL 2,"Expand culturally competent outreach about EV charging incentives and installation to systematically excluded groups via community organizations, unions, and property managers.","Transportation Electrification: by 2030, provide an equitably distributed mix of Level 1, Level 2, and DC fast charging to accommodate 40% of VMT (about 37,000 charging ports; 226 MW load).","## Strategy 4: Expand outreach to systematically excluded groups
Expand outreach to community groups, professional organizations, unions, and property managers using culturally competent information about EV charging incentives and installation.",Specific outreach action tied to implementation of charging deployment.
,parent_with_subs,parent,Transport,TRANSPORTATION ELECTRIFICATION — GOAL 3,Transportation Electrification: make the Austin-Round Rock-San Marcos area a leader by adopting electrification policies/technologies that maximize economic and health benefits while supporting industry growth.,,The Austin-Round Rock-San Marcos area is a leader in transportation electrification by adopting policies and technologies that maximize economic and health benefits while supporting the growth of this emerging industry.,Goal statement introducing multiple strategies beneath it.
,parent_with_subs,sub,Transport,TRANSPORTATION ELECTRIFICATION — GOAL 3,"The City will lead creation of a regional coalition in the five-county MSA to support EV adoption with government, business, and community stakeholders.",Transportation Electrification: make the Austin-Round Rock-San Marcos area a leader by adopting electrification policies/technologies that maximize economic and health benefits while supporting industry growth.,"## Strategy 1: Create a regional coalition to support EVs
The City will take the lead in creating a regional coalition to support EV adoption within the fivecounty MSA.",Named coalition-building action with identified geography and leadership.
,parent_with_subs,sub,Transport,TRANSPORTATION ELECTRIFICATION — GOAL 3,"Continue to pilot and early-adopt emerging transportation electrification technologies and ensure low-income communities and communities of color access benefits first, pursuing grants to scale successful pilots.",Transportation Electrification: make the Austin-Round Rock-San Marcos area a leader by adopting electrification policies/technologies that maximize economic and health benefits while supporting industry growth.,"## Strategy 2: Pilot and adopt new technology
Austin will continue to pilot and be an early adopter of emerging technologies for transportation electrification and ensure that low-income communities and communities of color can access the benefits first.
How we'll get there:
- Pursue grant funding opportunities...",Specific commitment to pilot/adopt technologies with equity prioritization and funding approach.
,parent_with_subs,sub,Transport,TRANSPORTATION ELECTRIFICATION — GOAL 3,Lead a just transition for regional transportation electrification by collaborating with labor/community groups and focusing job training on systematically excluded groups.,Transportation Electrification: make the Austin-Round Rock-San Marcos area a leader by adopting electrification policies/technologies that maximize economic and health benefits while supporting industry growth.,"## Strategy 3: Prioritize a just transition
Austin will be a leader in the just transition to an electrified regional transportation system... We will ensure that low-income communities and communities of color are positioned to benefit...",Concrete just-transition commitment with specified partners and beneficiaries.
,parent_with_subs,sub,Transport,TRANSPORTATION ELECTRIFICATION — GOAL 3,Support development of a Central Texas EV supply-chain business ecosystem and prioritize diverse local ownership and high-paying jobs for low-income communities and communities of color.,Transportation Electrification: make the Austin-Round Rock-San Marcos area a leader by adopting electrification policies/technologies that maximize economic and health benefits while supporting industry growth.,"## Strategy 4: Expand the EV-related business ecosystem
Create a robust electric transportation economic cluster in Central Texas by supporting economic development for new and existing local companies focused on the EV supply chain...
- Prioritize high-paying jobs for low-income communities and communities of color.",Specific economic development intervention connected to EV transition.
,parent_with_subs,parent,AFOLU/Food,FOOD AND PRODUCT CONSUMPTION — GOAL 1,"Food and Product Consumption: by 2030, ensure all Austinites can access a community-driven food system that addresses food insecurity, prioritizes regenerative agriculture, promotes plant-based foods, and minimizes food waste.",,"By 2030, ensure all Austinites can access a food system that is community-driven, addresses food insecurity, prioritizes regenerative agriculture, supports dietary and health agency, promotes plant-based foods, and minimizes food waste.",Time-bound goal with defined system attributes and multiple strategies beneath it.
,parent_with_subs,sub,AFOLU/Food,FOOD AND PRODUCT CONSUMPTION — GOAL 1,"Apply a purchasing framework and build a regional network to increase institutional and corporate procurement of pro-climate, pro-health food options, including certifications and a purchasing/distribution network.","Food and Product Consumption: by 2030, ensure all Austinites can access a community-driven food system that addresses food insecurity, prioritizes regenerative agriculture, promotes plant-based foods, and minimizes food waste.","## Strategy 1: Support institutional food purchasing
Apply a purchasing framework, support supply-chain infrastructure, and build a regional food system network to bolster institutional and corporate food procurement of proclimate, pro-health options.",Concrete intervention on institutional procurement and network-building.
,parent_with_subs,sub,AFOLU/Food,FOOD AND PRODUCT CONSUMPTION — GOAL 1,"Implement community-driven programs to incentivize and promote affordable, culturally relevant pro-climate, pro-health retail/prepared food options while minimizing displacement.","Food and Product Consumption: by 2030, ensure all Austinites can access a community-driven food system that addresses food insecurity, prioritizes regenerative agriculture, promotes plant-based foods, and minimizes food waste.","## Strategy 2: Promote and fund community-driven food retail programs
Implement community-driven programs to incentivize and promote more affordable and culturally relevant pro-climate, pro-health choices in prepared and retail food options, focusing on minimizing displacement.",Specific programmatic intervention with clear equity and displacement considerations.
,parent_with_subs,sub,AFOLU/Food,FOOD AND PRODUCT CONSUMPTION — GOAL 1,"Develop community-driven tools and incentives to make pro-climate, pro-health food choices affordable and culturally relevant, including education and transparency tools.","Food and Product Consumption: by 2030, ensure all Austinites can access a community-driven food system that addresses food insecurity, prioritizes regenerative agriculture, promotes plant-based foods, and minimizes food waste.","## Strategy 3: Incentivize pro-climate, prohealth food choices
Develop a variety of community-driven programs and tools to equitably engage and empower ... to make affordable and culturally relevant pro-climate, prohealth food choices.",Concrete commitment to develop incentives and tools (programmatic intervention).
,parent_with_subs,sub,Waste,FOOD AND PRODUCT CONSUMPTION — GOAL 1,"Conduct a food waste root cause analysis and implement changes to increase food waste reduction practices by 50% across single-family, multi-family, and commercial properties.","Food and Product Consumption: by 2030, ensure all Austinites can access a community-driven food system that addresses food insecurity, prioritizes regenerative agriculture, promotes plant-based foods, and minimizes food waste.","## Strategy 4: Conduct a food waste root cause analysis
Conduct a food waste root cause analysis and implement changes informed by the analysis to increase food waste reduction practices by 50%.",Specific analysis plus quantified reduction commitment (50%).
,parent_with_subs,parent,Cross-sector,FOOD AND PRODUCT CONSUMPTION — GOAL 2,"Food and Product Consumption: by 2030, reduce greenhouse gas emissions from institutional, commercial, and government purchasing by at least 50%.",,"By 2030, reduce greenhouse gas emissions from institutional, commercial, and government purchasing by at least 50%.","Quantified, time-bound purchasing-emissions reduction goal with strategies listed beneath."
,parent_with_subs,sub,Cross-sector,FOOD AND PRODUCT CONSUMPTION — GOAL 2,Develop a methodology to measure lifecycle GHG emissions and other impacts from non-residential purchasing and establish a baseline for tracking progress.,"Food and Product Consumption: by 2030, reduce greenhouse gas emissions from institutional, commercial, and government purchasing by at least 50%.","## Strategy 1: Measure institutional lifecycle emissions
Develop a methodology to measure lifecycle greenhouse gas emissions ... and identify a baseline for tracking progress.",Concrete measurement/baseline commitment enabling implementation tracking.
,parent_with_subs,sub,Cross-sector,FOOD AND PRODUCT CONSUMPTION — GOAL 2,Strengthen the City of Austin Sustainable Procurement Program by adopting/developing sustainability guidelines and engaging vendors and departments.,"Food and Product Consumption: by 2030, reduce greenhouse gas emissions from institutional, commercial, and government purchasing by at least 50%.","## Strategy 2: Strengthen the City's sustainable purchasing program
Strengthen the City of Austin's Sustainable Procurement Program to serve as a model for others locally and nationally.",Specific government procurement program strengthening commitment.
,parent_with_subs,sub,Cross-sector,FOOD AND PRODUCT CONSUMPTION — GOAL 2,"Recruit at least 50% of local large institutional purchasers (2,500+ employees) and at least 2,500 local organizations to adopt sustainability procurement standards/guidelines, prioritizing historically underutilized businesses and organizations led by people of color.","Food and Product Consumption: by 2030, reduce greenhouse gas emissions from institutional, commercial, and government purchasing by at least 50%.","## Strategy 3: Strengthen non-City institutional purchasing programs
Recruit at least 50% of local large institutional purchasers (2,500+ employees) and at least 2,500 local organizations of all sizes to collaboratively adopt a set of environmental and social sustainability procurement standards and/or guidelines.",Quantified participation targets and a concrete collaborative adoption action.
,parent_with_subs,sub,Waste,FOOD AND PRODUCT CONSUMPTION — GOAL 2,"Expand the City’s Circular Economy Program to reduce consumption, enable internal reuse/sharing, and provide incubation supports (space/grants/loans/technical assistance) for qualifying circular organizations.","Food and Product Consumption: by 2030, reduce greenhouse gas emissions from institutional, commercial, and government purchasing by at least 50%.","## Strategy 4: Expand the City's Circular Economy Program
Expand the City of Austin's Circular Economy Program to:
- Support City departments in reducing consumption...
- Use available City-owned space and/or leverage partnerships to create rent-subsidized incubation spaces, grants, loans, and technical assistance for qualifying circular organizations.",Concrete program expansion with specified tools and resource supports.
,parent_with_subs,parent,AFOLU/Natural systems,NATURAL SYSTEMS — GOAL 1,"Natural Systems: by 2030, legally protect an additional 20,000 acres of carbon pools on natural lands and manage all new and existing natural areas (about 70,000 acres total) focusing on resilience.",,"By 2030, legally protect an additional 20,000 acres of carbon pools on natural lands and manage all new and existing natural areas (approximately 70,000 acres total), focusing on resilience.",Quantified land protection/management target with multiple strategies listed.
,parent_with_subs,sub,AFOLU/Natural systems,NATURAL SYSTEMS — GOAL 1,"Identify and legally protect additional natural lands (woodland/grassland/wetland), prioritizing new conservation lands in Travis County Eastern Planning Areas and benefits for low-income communities and communities of color.","Natural Systems: by 2030, legally protect an additional 20,000 acres of carbon pools on natural lands and manage all new and existing natural areas (about 70,000 acres total) focusing on resilience.","## Strategy 1: Protect natural lands
Identify additional woodland, grassland, and wetland systems for protection... Legally protect lands through mechanisms such as fee simple acquisition and conservation easements.",Specific legal protection mechanisms and prioritization criteria are stated.
,parent_with_subs,sub,AFOLU/Natural systems,NATURAL SYSTEMS — GOAL 1,Actively manage protected natural lands for climate resilience through restoration/management guides and partnerships including traditional ecological knowledge with compensation.,"Natural Systems: by 2030, legally protect an additional 20,000 acres of carbon pools on natural lands and manage all new and existing natural areas (about 70,000 acres total) focusing on resilience.","## Strategy 2: Manage natural lands for resilience
Prepare natural lands for climate change ... through active, intentional, and holistic management.
- Create, update, and implement restoration and management guides for all protected lands...","Concrete land management commitments (guides, implementation) for resilience."
,parent_with_subs,sub,AFOLU/Natural systems,NATURAL SYSTEMS — GOAL 1,"Increase community access and positive perceptions of natural lands through accessibility/safety measures, community ambassadors/hosts with compensation, inclusive programming/signage, and a goal to ensure all Austinites are within walking distance of a park.","Natural Systems: by 2030, legally protect an additional 20,000 acres of carbon pools on natural lands and manage all new and existing natural areas (about 70,000 acres total) focusing on resilience.","## Strategy 3: Increase community access and positive perceptions of public land
... Recruiting members of nearby communities to serve as ambassadors or hosts... Compensate these community members...
- Ensure all Austinites are within walking distance of a park.",Specific access interventions plus a stated access outcome (walking distance to a park).
,parent_with_subs,sub,Water,NATURAL SYSTEMS — GOAL 1,"Protect quantity and quality of source water for municipal supply and environmental flows through land protection, partnerships, green infrastructure, and recharge improvements.","Natural Systems: by 2030, legally protect an additional 20,000 acres of carbon pools on natural lands and manage all new and existing natural areas (about 70,000 acres total) focusing on resilience.","## Strategy 4: Protect water sources
Protect quantity and quality of source water for municipal supply and regional environmental flows...
How we'll get there:
- ... Improve groundwater recharge through expanding green infrastructure...",Specific interventions to protect water sources linked to climate impacts.
,parent_with_subs,parent,AFOLU/Agriculture,NATURAL SYSTEMS — GOAL 2,"Natural Systems/Farmland: by 2030, protect 500,000 acres of farmland from development in the five-county region through legal protections or regenerative agriculture programs.",,"By 2030, protect 500,000 acres of farmland from development in the fivecounty region* through legal protections or regenerative agriculture programs.","Quantified, time-bound regional farmland protection goal with multiple strategies."
,parent_with_subs,sub,AFOLU/Agriculture,NATURAL SYSTEMS — GOAL 2,"Identify and protect prime/significant farmlands in the five-county region from development using conservation tools such as bonds, land trusts, and conservation easements.","Natural Systems/Farmland: by 2030, protect 500,000 acres of farmland from development in the five-county region through legal protections or regenerative agriculture programs.","## Strategy 1: Protect working lands
Identify lands with prime farmland soils... and protect them from development. This can be done through land conservation bonds, agricultural land trusts... Travis County Conservation Easements...",Concrete legal/protection mechanisms identified.
,parent_with_subs,sub,AFOLU/Agriculture,NATURAL SYSTEMS — GOAL 2,Work with Travis County to reevaluate agricultural tax exemption requirements to encourage regenerative practices and convene tax appraisers regionally.,"Natural Systems/Farmland: by 2030, protect 500,000 acres of farmland from development in the five-county region through legal protections or regenerative agriculture programs.","## Strategy 2: Reform agricultural tax appraisals
... Work with Travis County to reevaluate and update the requirements for the Agricultural Tax Exemption to encourage regenerative practices...",Specific policy reform action related to tax appraisal criteria.
,parent_with_subs,sub,AFOLU/Agriculture,NATURAL SYSTEMS — GOAL 2,"Provide direct financial assistance to farmers in the five-county region to implement carbon-related soil programs or regenerative agriculture, specifically for farmers of color (including micro-grants and down payment support).","Natural Systems/Farmland: by 2030, protect 500,000 acres of farmland from development in the five-county region through legal protections or regenerative agriculture programs.","## Strategy 3: Support farmers through financial assistance
Support farmers in the 5-county region ... by providing direct financial assistance, specifically for farmers of color.
How we'll get there:
- Provide City-funded micro-grants...",Explicit resource allocation (financial assistance) with equity targeting.
,parent_with_subs,sub,AFOLU/Agriculture,NATURAL SYSTEMS — GOAL 2,"Provide farmers (prioritizing farmers of color) access to land and resources by facilitating associations, mediating land partnerships, and making City/County lands available for agricultural incubators.","Natural Systems/Farmland: by 2030, protect 500,000 acres of farmland from development in the five-county region through legal protections or regenerative agriculture programs.","## Strategy 4: Provide farmers with resources
Support farmers who want to start regenerative agricultural practices by providing access to land and other necessary resources, specifically prioritizing farmers of color.",Concrete support mechanisms for land/resource access with an explicit priority group.
,parent_with_subs,sub,Waste,NATURAL SYSTEMS — GOAL 2,"Expand compost use from local composting programs, including providing free compost to farmers in regenerative/carbon soil programs and requiring local compost on City project sites.","Natural Systems/Farmland: by 2030, protect 500,000 acres of farmland from development in the five-county region through legal protections or regenerative agriculture programs.","## Strategy 5: Expand composting
Expand the use of compost generated by local composting programs.
How we'll get there:
- Provide free compost to farmers participating in carbon-related soil programs...
- ... require the use of local compost on project sites.",Specific compost expansion actions including a City requirement on projects.
,parent_with_subs,sub,AFOLU/Agriculture,NATURAL SYSTEMS — GOAL 2,"Create and support agriculture jobs creation and youth programs, especially for aspiring farmers of color, and integrate sustainable agriculture into secondary/high school programs.","Natural Systems/Farmland: by 2030, protect 500,000 acres of farmland from development in the five-county region through legal protections or regenerative agriculture programs.","## Strategy 6: Strengthen workforce development for farmers
... create and support agriculture-specific jobs creation programs and working lands-specific youth programs - especially for aspiring farmers of color.
... Integrate sustainable agriculture into secondary and high school programs...",Specific workforce/youth education program commitments with equity focus.
,parent_with_subs,parent,AFOLU/Forestry,NATURAL SYSTEMS — GOAL 3,"Natural Systems/Trees: achieve at least 50% citywide tree canopy cover by 2050, focusing on equitable canopy increases.",,"Achieve at least 50% citywide tree canopy cover by 2050, focusing on increasing canopy cover equitably.","Quantified, time-bound canopy target with multiple implementation strategies."
,parent_with_subs,sub,AFOLU/Forestry,NATURAL SYSTEMS — GOAL 3,"Adopt a 'no net loss' policy for tree canopy on public lands, including canopy targets by land type and replacement/mitigation for removals.","Natural Systems/Trees: achieve at least 50% citywide tree canopy cover by 2050, focusing on equitable canopy increases.","## Strategy 1: Protect canopy cover on City lands
Adopt a 'no net loss' policy for tree canopy on public lands.",Explicit policy adoption commitment ('no net loss').
,parent_with_subs,sub,AFOLU/Forestry,NATURAL SYSTEMS — GOAL 3,Promote no net loss of tree canopy in private development by expanding tree protections/landscape regulations (including ETJ) and strengthening enforcement and soil/tree health requirements.,"Natural Systems/Trees: achieve at least 50% citywide tree canopy cover by 2050, focusing on equitable canopy increases.","## Strategy 2: Promote tree protections and landscape regulations
Promote no net loss of tree canopy on private developments by increasing tree protections and landscape regulation...",Specific regulatory approach to private development canopy outcomes.
,parent_with_subs,sub,AFOLU/Forestry,NATURAL SYSTEMS — GOAL 3,"Increase City funding for community tree-planting programs focused on low-income communities and communities of color, including grants and targeted planting along transit routes/stops.","Natural Systems/Trees: achieve at least 50% citywide tree canopy cover by 2050, focusing on equitable canopy increases.","## Strategy 3: Increase community tree planting
Increase City funding for community tree-planting programs focused on low-income communities and communities of color.",Explicit commitment to increase City funding with equity targeting.
,parent_with_subs,sub,AFOLU/Forestry,NATURAL SYSTEMS — GOAL 3,"Provide City technical and financial assistance for tree planting and care for residents and small businesses in low-income communities and communities of color (e.g., tree concierge, grants, adding tree care to Minor Home Repair Grants).","Natural Systems/Trees: achieve at least 50% citywide tree canopy cover by 2050, focusing on equitable canopy increases.","## Strategy 4: Promote tree health and resilience on private and non-City public lands
... Provide City technical and financial assistance for tree planting and care for residents and small businesses in low-income communities and communities of color...",Specific assistance mechanisms and target groups are stated.
,parent_with_subs,parent,AFOLU/Natural systems,NATURAL SYSTEMS — GOAL 4,"Natural Systems/City lands: by 2030, include all City-owned lands under a management plan resulting in neutral or negative carbon emissions and maximizing community co-benefits.",,"By 2030, include all City-owned lands under a management plan that results in neutral or negative carbon emissions and maximizes community co-benefits.",Time-bound management plan commitment with multiple strategies listed beneath.
,parent_with_subs,sub,AFOLU/Natural systems,NATURAL SYSTEMS — GOAL 4,"Prioritize carbon neutrality and community benefits in public land acquisition and management, including completing a land management database and using low/negative-carbon practices.","Natural Systems/City lands: by 2030, include all City-owned lands under a management plan resulting in neutral or negative carbon emissions and maximizing community co-benefits.","## Strategy 1: Prioritize carbon neutrality for public lands
Prioritize carbon neutrality and community benefits in land acquisition and management practices for public lands.
How we'll get there:
- Complete the City land ownership and management plan database.",Concrete land management planning and practice commitments.
,parent_with_subs,sub,AFOLU/Natural systems,NATURAL SYSTEMS — GOAL 4,"Reclaim underused public spaces to increase access and ecological function via green infrastructure, including studying conversion of City surface parking lots to green uses where feasible.","Natural Systems/City lands: by 2030, include all City-owned lands under a management plan resulting in neutral or negative carbon emissions and maximizing community co-benefits.","## Strategy 2: Reclaim public space and prioritize green infrastructure
Identify and reclaim mono-use, underused, and unconventional public spaces...
A study should be conducted to examine the use of surface-level parking lots on City property to develop a plan to convert an ambitious percentage of these to functional green uses when feasible.",Specific land conversion and study commitment to enable implementation.
,parent_with_subs,sub,AFOLU/Natural systems,NATURAL SYSTEMS — GOAL 4,"Establish Neighborhood Stewardship Councils/Ambassadors with paid training and compensation to support community stewardship and maintenance of public lands, and create a Parks and Recreation Grant Assistance Program (initial annual funding at least $500,000).","Natural Systems/City lands: by 2030, include all City-owned lands under a management plan resulting in neutral or negative carbon emissions and maximizing community co-benefits.","## Strategy 3: Promote community stewardship
... The City should provide paid training and opportunities for community members or groups to serve as Stewardship Ambassadors...
- Create a Parks and Recreation Department Grant Assistance Program ... Seek initial annual funding of at least $500,000.",Concrete program creation with explicit funding amount and paid roles.
,parent_with_subs,sub,AFOLU/Agriculture,NATURAL SYSTEMS — GOAL 4,"Explore carbon farming practices for food forests and community gardens on public lands, with City oversight/technical assistance and support for research partnerships.","Natural Systems/City lands: by 2030, include all City-owned lands under a management plan resulting in neutral or negative carbon emissions and maximizing community co-benefits.","## Strategy 4: Promote carbon farming
Explore the ability of food forests and community gardens on public lands to use low-carbon and carbon farming practices.
How we'll get there:
- Support local research on carbon farming practices...",Specific exploration/research support and operational support commitments.
0.0,individual,individual,Economy-wide,NEW EMISSIONS GOAL FOR AUSTIN,Austin will achieve net-zero community-wide greenhouse gas emissions by 2040.,,Austin will achieve net-zero community-wide greenhouse gas emissions by 2040.,"Clear, quantified community-wide target with deadline (net-zero GHG by 2040)."
2.0,individual,individual,Cross-sector,"2007 - Original Climate Protection Plan, Resolution 20070215-023","Austin City Council Resolution 20070215-023 directed the City Manager to make City facilities, fleets, and operations carbon neutral by 2020 and to implement leading climate actions (renewable/efficiency utility leadership, energy-efficient codes, climate action team, and community/regional work).",,"## 2007 - Original Climate Protection Plan, Resolution 20070215-023
In February 2007, the Austin City Council adopted the first resolution in Austin's history that was focused on climate change. The resolution directed the City Manager to make City of Austin facilities, fleets, and operations carbon neutral by 2020, make Austin Energy the leading utility in the nation for greenhouse gas reduction through renewable energy and energy efficiency, implement the most energy-efficient building codes in the nation, establish an interdepartmental City Climate Action Team, and work with community members, businesses and regional entities on reducing emissions.",Binding directive via City Council resolution with a dated target and specified actions.
11.0,individual,individual,Energy,"Austin Energy Resource, Generation, and Climate Protection Plan to 2030","Austin Energy Resource Plan targets 1% of retail sales per year in energy efficiency savings, at least 25,000 customer participants annually, with 25% limited-income participation.",,"The plan calls for:
- 1% of retail sales per year in energy efficiency savings, at least 25,000 customer participants annually, 25% limited-income","Quantified annual efficiency savings and participation requirements, including an equity participation share."
