policy_id,row_key,source_bundle_key,role,parent_statement,policy_statement,primary_category,typology_code,trace_path,validation_trace_csv,validation_lookup_column,validation_lookup_value,atom_id,parent_row_id,is_atomized_row,is_decomposed,rescue_disposition,rescue_confidence,primary_gate_rescued,primary_category_original,primary_category_rescue_corrected,dropped_by_climate_rescue
001,Tokyo_Japan::189d9d533ade5293ea602b19,Tokyo_Japan::189d9d533ade5293ea602b19,sub,"TMG will promote structural and non-structural measures for natural disasters using state-of-the-art technologies and urban facility development, and further improve initiatives to cope with larger typhoons and more frequent heavy rains.","TMG will develop regulating reservoirs (including extending the Wide-Area Regulating Reservoir under Loop Road No. 7 as an underground river), improve river discharge capacity in the Tama area, and implement preventive river maintenance using ICT/AI for inspections.",Adaptation,,policy_traces/001_TMG_will_develop_regulating_reservoirs_including_extending_t.json,trace_initiative_policies_valid.csv,parent_statement,"TMG will promote structural and non-structural measures for natural disasters using state-of-the-art technologies and urban facility development, and further improve initiatives to cope with larger typhoons and more frequent heavy rains.",,,False,False,,,,,,
002,Tokyo_Japan::df440b383eabf16eddbfa67d,Tokyo_Japan::df440b383eabf16eddbfa67d,sub,"TMG will promote structural and non-structural measures for natural disasters using state-of-the-art technologies and urban facility development, and further improve initiatives to cope with larger typhoons and more frequent heavy rains.","TMG will develop sewerage trunk lines and storage to handle 75 mm/hour rainfall in high-risk areas, verify sewerage capacity via runoff simulation for 75 mm/hour rainfall, and strengthen countermeasures in newly identified high-risk districts.",Adaptation,,policy_traces/002_TMG_will_develop_sewerage_trunk_lines_and_storage_to_handle_.json,trace_initiative_policies_valid.csv,parent_statement,"TMG will promote structural and non-structural measures for natural disasters using state-of-the-art technologies and urban facility development, and further improve initiatives to cope with larger typhoons and more frequent heavy rains.",,,False,False,,,,,,
003,Tokyo_Japan::e0ddb972a9b2227580e21eed,Tokyo_Japan::e0ddb972a9b2227580e21eed,sub,"TMG will promote structural and non-structural measures for natural disasters using state-of-the-art technologies and urban facility development, and further improve initiatives to cope with larger typhoons and more frequent heavy rains.","TMG will set non-binding rainwater runoff control targets (equivalent to 10 mm/hour rainfall) for municipalities, post progress information, consider expanding subsidized prioritized basins, conduct model projects with municipalities, and promote greening to reduce flood damage.",Adaptation,,policy_traces/003_TMG_will_set_non_binding_rainwater_runoff_control_targets_eq.json,trace_initiative_policies_valid.csv,parent_statement,"TMG will promote structural and non-structural measures for natural disasters using state-of-the-art technologies and urban facility development, and further improve initiatives to cope with larger typhoons and more frequent heavy rains.",,,False,False,,,,,,
004,Tokyo_Japan::92337aa6af2f0e521c9d9c55,Tokyo_Japan::92337aa6af2f0e521c9d9c55,sub,"TMG will promote structural and non-structural measures for natural disasters using state-of-the-art technologies and urban facility development, and further improve initiatives to cope with larger typhoons and more frequent heavy rains.",TMG will use digital technology to improve disaster preparedness functions of agricultural canal reservoirs and intake gates.,Adaptation,,policy_traces/004_TMG_will_use_digital_technology_to_improve_disaster_prepared.json,trace_initiative_policies_valid.csv,parent_statement,"TMG will promote structural and non-structural measures for natural disasters using state-of-the-art technologies and urban facility development, and further improve initiatives to cope with larger typhoons and more frequent heavy rains.",,,False,False,,,,,,
005,Tokyo_Japan::93f8d8360410aa51b5f8df02,Tokyo_Japan::93f8d8360410aa51b5f8df02,sub,"TMG will promote structural and non-structural measures for natural disasters using state-of-the-art technologies and urban facility development, and further improve initiatives to cope with larger typhoons and more frequent heavy rains.","TMG will develop storm surge protection facilities for the eastern lowlands, formulate the next Port of Tokyo Coastal Conservation Facilities Development Plan, develop coastal conservation facilities considering climate impacts, and enable remote floodgate operations and monitoring.",Adaptation,,policy_traces/005_TMG_will_develop_storm_surge_protection_facilities_for_the_e.json,trace_initiative_policies_valid.csv,parent_statement,"TMG will promote structural and non-structural measures for natural disasters using state-of-the-art technologies and urban facility development, and further improve initiatives to cope with larger typhoons and more frequent heavy rains.",,,False,False,,,,,,
006,Tokyo_Japan::a6fb526a06dba6dafcb0e570,Tokyo_Japan::a6fb526a06dba6dafcb0e570,sub,"TMG will promote structural and non-structural measures for natural disasters using state-of-the-art technologies and urban facility development, and further improve initiatives to cope with larger typhoons and more frequent heavy rains.","TMG will construct coastal conservation facilities (e.g., detached breakwaters) on islands to protect coastal villages from high tidal waves caused by typhoons and other disasters.",Adaptation,,policy_traces/006_TMG_will_construct_coastal_conservation_facilities_eg_detach.json,trace_initiative_policies_valid.csv,parent_statement,"TMG will promote structural and non-structural measures for natural disasters using state-of-the-art technologies and urban facility development, and further improve initiatives to cope with larger typhoons and more frequent heavy rains.",,,False,False,,,,,,
007,Tokyo_Japan::35668166440c963a43bacda9,Tokyo_Japan::35668166440c963a43bacda9,sub,"TMG will promote structural and non-structural measures for natural disasters using state-of-the-art technologies and urban facility development, and further improve initiatives to cope with larger typhoons and more frequent heavy rains.",TMG will promote removal of utility poles and strengthen support for municipality roads under the Strategy for Accelerating the Removal of Utility Poles.,Adaptation,,policy_traces/007_TMG_will_promote_removal_of_utility_poles_and_strengthen_sup.json,trace_initiative_policies_valid.csv,parent_statement,"TMG will promote structural and non-structural measures for natural disasters using state-of-the-art technologies and urban facility development, and further improve initiatives to cope with larger typhoons and more frequent heavy rains.",,,False,False,,,,,,
008,Tokyo_Japan::2cb22a4108a43027be2c5f02,Tokyo_Japan::2cb22a4108a43027be2c5f02,sub,"TMG will promote structural and non-structural measures for natural disasters using state-of-the-art technologies and urban facility development, and further improve initiatives to cope with larger typhoons and more frequent heavy rains.","TMG will build redundancy in roads/bridges for disasters by building a highway network, constructing new bridges (including along borders with Chiba), improving access roads to the Tachikawa Wide-Area Disaster Management Base, and upgrading emergency transport routes (bridges, alternative routes, widening).",Adaptation,,policy_traces/008_TMG_will_build_redundancy_in_roadsbridges_for_disasters_by_b.json,trace_initiative_policies_valid.csv,parent_statement,"TMG will promote structural and non-structural measures for natural disasters using state-of-the-art technologies and urban facility development, and further improve initiatives to cope with larger typhoons and more frequent heavy rains.",,,False,False,,,,,,
009,Tokyo_Japan::302e48d81ccbb65495537b4e,Tokyo_Japan::302e48d81ccbb65495537b4e,sub,"TMG will promote structural and non-structural measures for natural disasters using state-of-the-art technologies and urban facility development, and further improve initiatives to cope with larger typhoons and more frequent heavy rains.",TMG will diagnose and systematically renew roadside trees in areas with many fallen trees to strengthen their disaster preparedness function.,Adaptation,,policy_traces/009_TMG_will_diagnose_and_systematically_renew_roadside_trees_in.json,trace_initiative_policies_valid.csv,parent_statement,"TMG will promote structural and non-structural measures for natural disasters using state-of-the-art technologies and urban facility development, and further improve initiatives to cope with larger typhoons and more frequent heavy rains.",,,False,False,,,,,,
010,Tokyo_Japan::30d494d370fd99f0dbf9ae58,Tokyo_Japan::30d494d370fd99f0dbf9ae58,sub,"TMG will promote structural and non-structural measures for natural disasters using state-of-the-art technologies and urban facility development, and further improve initiatives to cope with larger typhoons and more frequent heavy rains.","TMG will improve stability of water supply by doubling water conveyance facilities, building wide-area transmission pipe networks with a dual system, and burying pipelines that cross rivers.",Adaptation,,policy_traces/010_TMG_will_improve_stability_of_water_supply_by_doubling_water.json,trace_initiative_policies_valid.csv,parent_statement,"TMG will promote structural and non-structural measures for natural disasters using state-of-the-art technologies and urban facility development, and further improve initiatives to cope with larger typhoons and more frequent heavy rains.",,,False,False,,,,,,
011,Tokyo_Japan::28dedb8d9bd566e32f9ad029,Tokyo_Japan::28dedb8d9bd566e32f9ad029,sub,"TMG will promote structural and non-structural measures for natural disasters using state-of-the-art technologies and urban facility development, and further improve initiatives to cope with larger typhoons and more frequent heavy rains.",TMG will add and strengthen flood control measures for the Toei Subway based on newly announced expected inundation areas and examine measures for early restoration from large-scale floods.,Adaptation,,policy_traces/011_TMG_will_add_and_strengthen_flood_control_measures_for_the_T.json,trace_initiative_policies_valid.csv,parent_statement,"TMG will promote structural and non-structural measures for natural disasters using state-of-the-art technologies and urban facility development, and further improve initiatives to cope with larger typhoons and more frequent heavy rains.",,,False,False,,,,,,
012,Tokyo_Japan::329cd9b40917fecc4919b395,Tokyo_Japan::329cd9b40917fecc4919b395,sub,"TMG will promote structural and non-structural measures for natural disasters using state-of-the-art technologies and urban facility development, and further improve initiatives to cope with larger typhoons and more frequent heavy rains.",TMG will promote urban development with elevation in model districts to avoid catastrophic flood damage and continue coordination with the national government and wards.,Adaptation,,policy_traces/012_TMG_will_promote_urban_development_with_elevation_in_model_d.json,trace_initiative_policies_valid.csv,parent_statement,"TMG will promote structural and non-structural measures for natural disasters using state-of-the-art technologies and urban facility development, and further improve initiatives to cope with larger typhoons and more frequent heavy rains.",,,False,False,,,,,,
013,Tokyo_Japan::32cc34cc2b05d15d434e52ae,Tokyo_Japan::32cc34cc2b05d15d434e52ae,sub,"TMG will promote structural and non-structural measures for natural disasters using state-of-the-art technologies and urban facility development, and further improve initiatives to cope with larger typhoons and more frequent heavy rains.",TMG will elevate Shinozaki Park to secure evacuation routes to the Edogawa Levee.,Adaptation,,policy_traces/013_TMG_will_elevate_Shinozaki_Park_to_secure_evacuation_routes_.json,trace_initiative_policies_valid.csv,parent_statement,"TMG will promote structural and non-structural measures for natural disasters using state-of-the-art technologies and urban facility development, and further improve initiatives to cope with larger typhoons and more frequent heavy rains.",,,False,False,,,,,,
014,Tokyo_Japan::608a1f5adda17cf03da5c12d,Tokyo_Japan::608a1f5adda17cf03da5c12d,sub,"TMG will promote structural and non-structural measures for natural disasters using state-of-the-art technologies and urban facility development, and further improve initiatives to cope with larger typhoons and more frequent heavy rains.",TMG will support municipalities' risk assessment efforts to prevent damage from broken residential land retaining walls.,Adaptation,,policy_traces/014_TMG_will_support_municipalities_risk_assessment_efforts_to_p.json,trace_initiative_policies_valid.csv,parent_statement,"TMG will promote structural and non-structural measures for natural disasters using state-of-the-art technologies and urban facility development, and further improve initiatives to cope with larger typhoons and more frequent heavy rains.",,,False,False,keep,0.86,True,,,False
015,Tokyo_Japan::35774f9f66c9c0c67b614761,Tokyo_Japan::35774f9f66c9c0c67b614761,sub,"TMG will promote structural and non-structural measures for natural disasters using state-of-the-art technologies and urban facility development, and further improve initiatives to cope with larger typhoons and more frequent heavy rains.","TMG will prioritize erosion control work in landslide-prone areas with evacuation centers and where landslides have occurred, and manage slope protection facilities (e.g., ground anchors) with preventive maintenance; it will also manage forests for disaster preparedness and encourage relocation to safer areas via consolidated regional structure efforts.",Adaptation,,policy_traces/015_TMG_will_prioritize_erosion_control_work_in_landslide_prone_.json,trace_initiative_policies_valid.csv,parent_statement,"TMG will promote structural and non-structural measures for natural disasters using state-of-the-art technologies and urban facility development, and further improve initiatives to cope with larger typhoons and more frequent heavy rains.",,,False,False,,,,,,
016,Tokyo_Japan::df5e38bf57d787c5ee29ffd9,Tokyo_Japan::df5e38bf57d787c5ee29ffd9,sub,"TMG will promote structural and non-structural measures for natural disasters using state-of-the-art technologies and urban facility development, and further improve initiatives to cope with larger typhoons and more frequent heavy rains.",TMG will strengthen flood response by developing personal flood-disaster materials and equipment.,Adaptation,,policy_traces/016_TMG_will_strengthen_flood_response_by_developing_personal_fl.json,trace_initiative_policies_valid.csv,parent_statement,"TMG will promote structural and non-structural measures for natural disasters using state-of-the-art technologies and urban facility development, and further improve initiatives to cope with larger typhoons and more frequent heavy rains.",,,False,False,,,,,,
017,Tokyo_Japan::cc28629acd9602cce8361858,Tokyo_Japan::cc28629acd9602cce8361858,sub,"TMG will promote structural and non-structural measures for natural disasters using state-of-the-art technologies and urban facility development, and further improve initiatives to cope with larger typhoons and more frequent heavy rains.","TMG will promote self-consumed renewable generation (solar, storage batteries) and fuel cells for emergency power availability, and install emergency power supplies at TMG and municipal facilities and other important bases.",Adaptation,,policy_traces/017_TMG_will_promote_self_consumed_renewable_generation_solar_st.json,trace_initiative_policies_valid.csv,parent_statement,"TMG will promote structural and non-structural measures for natural disasters using state-of-the-art technologies and urban facility development, and further improve initiatives to cope with larger typhoons and more frequent heavy rains.",,,False,False,,,,,,
018,Tokyo_Japan::db70c2bae5d7236aeb47f197,Tokyo_Japan::db70c2bae5d7236aeb47f197,sub,"TMG will promote structural and non-structural measures for natural disasters using state-of-the-art technologies and urban facility development, and further improve initiatives to cope with larger typhoons and more frequent heavy rains.","TMG will promote the spread of ZEVs for disaster power supply (V2H/V2B), including installing public chargers and hydrogen stations and introducing portable V2L and V2H equipment.",Mitigation,,policy_traces/018_TMG_will_promote_the_spread_of_ZEVs_for_disaster_power_suppl.json,trace_initiative_policies_valid.csv,parent_statement,"TMG will promote structural and non-structural measures for natural disasters using state-of-the-art technologies and urban facility development, and further improve initiatives to cope with larger typhoons and more frequent heavy rains.",,,False,False,,,,,,
019,Tokyo_Japan::898b597ac45d3b2052470b2c,Tokyo_Japan::898b597ac45d3b2052470b2c,sub,"TMG will promote structural and non-structural measures for natural disasters using state-of-the-art technologies and urban facility development, and further improve initiatives to cope with larger typhoons and more frequent heavy rains.",TMG will improve island resilience by installing solar generation and storage on islands and considering regional renewable energy sharing.,Mitigation,,policy_traces/019_TMG_will_improve_island_resilience_by_installing_solar_gener.json,trace_initiative_policies_valid.csv,parent_statement,"TMG will promote structural and non-structural measures for natural disasters using state-of-the-art technologies and urban facility development, and further improve initiatives to cope with larger typhoons and more frequent heavy rains.",,,False,False,,,,,,
020,Tokyo_Japan::fe2ede9c4b7acad4c3d31046,Tokyo_Japan::fe2ede9c4b7acad4c3d31046,sub,"TMG will promote structural and non-structural measures for natural disasters using state-of-the-art technologies and urban facility development, and further improve initiatives to cope with larger typhoons and more frequent heavy rains.","TMG will raise awareness of disaster preparedness through targeted communications and tools (Trial Examination, booklet, app, My Timeline), distribute flood risk maps and VR content, continue drills for foreigners with plain Japanese, and provide condominium-focused information tools.",Adaptation,,policy_traces/020_TMG_will_raise_awareness_of_disaster_preparedness_through_ta.json,trace_initiative_policies_valid.csv,parent_statement,"TMG will promote structural and non-structural measures for natural disasters using state-of-the-art technologies and urban facility development, and further improve initiatives to cope with larger typhoons and more frequent heavy rains.",,,False,False,,,,,,
021,Tokyo_Japan::246dcc75e4b2105e62430eca,Tokyo_Japan::246dcc75e4b2105e62430eca,sub,"TMG will promote structural and non-structural measures for natural disasters using state-of-the-art technologies and urban facility development, and further improve initiatives to cope with larger typhoons and more frequent heavy rains.","TMG will strengthen evacuation support systems (including guidelines considering emerging infectious diseases and vulnerable groups), consider wide-area evacuation for large floods, expand shelter options including hotels/inns, update hazard maps, enhance flood measures for underground spaces, review/designate landslide-risk areas and support municipal alert/evacuation systems, and digitize disaster preparedness (digital signage, smart poles, open APIs).",Adaptation,,policy_traces/021_TMG_will_strengthen_evacuation_support_systems_including_gui.json,trace_initiative_policies_valid.csv,parent_statement,"TMG will promote structural and non-structural measures for natural disasters using state-of-the-art technologies and urban facility development, and further improve initiatives to cope with larger typhoons and more frequent heavy rains.",,,False,False,,,,,,
022,Tokyo_Japan::076ec9d35d641e98284da5ea,Tokyo_Japan::076ec9d35d641e98284da5ea,sub,"TMG will promote structural and non-structural measures for natural disasters using state-of-the-art technologies and urban facility development, and further improve initiatives to cope with larger typhoons and more frequent heavy rains.","TMG will support remote disaster response and business continuity by identifying operations that can be handled remotely, supporting SMBs in BCP formulation and telework introduction, and verifying the Central Market BCP while supporting BCPs for market-related businesses.",Adaptation,,policy_traces/022_TMG_will_support_remote_disaster_response_and_business_conti.json,trace_initiative_policies_valid.csv,parent_statement,"TMG will promote structural and non-structural measures for natural disasters using state-of-the-art technologies and urban facility development, and further improve initiatives to cope with larger typhoons and more frequent heavy rains.",,,False,False,,,,,,
023,Tokyo_Japan::a3f9f651f2784e447f8270c2,Tokyo_Japan::a3f9f651f2784e447f8270c2,sub,"TMG will promote structural and non-structural measures for natural disasters using state-of-the-art technologies and urban facility development, and further improve initiatives to cope with larger typhoons and more frequent heavy rains.",TMG will provide technical and financial support for flood control measures by SMBs handling chemical substances based on Tokyo Metropolitan Government Chemical Substance Control Guidelines.,Adaptation,,policy_traces/023_TMG_will_provide_technical_and_financial_support_for_flood_c.json,trace_initiative_policies_valid.csv,parent_statement,"TMG will promote structural and non-structural measures for natural disasters using state-of-the-art technologies and urban facility development, and further improve initiatives to cope with larger typhoons and more frequent heavy rains.",,,False,False,,,,,,
024,Tokyo_Japan::a8aeed2debd7acb4da1ba7f9,Tokyo_Japan::a8aeed2debd7acb4da1ba7f9,sub,"TMG will promote structural and non-structural measures for natural disasters using state-of-the-art technologies and urban facility development, and further improve initiatives to cope with larger typhoons and more frequent heavy rains.","TMG will strengthen disaster information collection and sharing by researching digital technology use, rebuilding the Disaster Information System (DIS), publishing shelter congestion information, collecting information via SNS and drones, and redeveloping community radio including closed LTE.",Adaptation,,policy_traces/024_TMG_will_strengthen_disaster_information_collection_and_shar.json,trace_initiative_policies_valid.csv,parent_statement,"TMG will promote structural and non-structural measures for natural disasters using state-of-the-art technologies and urban facility development, and further improve initiatives to cope with larger typhoons and more frequent heavy rains.",,,False,False,,,,,,
025,Tokyo_Japan::52094d66120c38136919776e,Tokyo_Japan::52094d66120c38136919776e,sub,"TMG will promote structural and non-structural measures for natural disasters using state-of-the-art technologies and urban facility development, and further improve initiatives to cope with larger typhoons and more frequent heavy rains.","TMG will use AI and digital tools to improve disaster-site information collection and command, including enabling web meetings/training and considering drone video use.",Adaptation,,policy_traces/025_TMG_will_use_AI_and_digital_tools_to_improve_disaster_site_i.json,trace_initiative_policies_valid.csv,parent_statement,"TMG will promote structural and non-structural measures for natural disasters using state-of-the-art technologies and urban facility development, and further improve initiatives to cope with larger typhoons and more frequent heavy rains.",,,False,False,keep,0.86,True,,,False
026,Tokyo_Japan::86ce467b1bd877ae10ce30fa,Tokyo_Japan::86ce467b1bd877ae10ce30fa,sub,"TMG will promote structural and non-structural measures for natural disasters using state-of-the-art technologies and urban facility development, and further improve initiatives to cope with larger typhoons and more frequent heavy rains.","TMG will research and build AI-based systems to support floodgate operations by predicting water level fluctuations using big data, consider inflow prediction tech for stormwater pumps, and promote real-time sewer water level monitoring via multifunctional manhole covers shared with municipalities.",Adaptation,,policy_traces/026_TMG_will_research_and_build_AI_based_systems_to_support_floo.json,trace_initiative_policies_valid.csv,parent_statement,"TMG will promote structural and non-structural measures for natural disasters using state-of-the-art technologies and urban facility development, and further improve initiatives to cope with larger typhoons and more frequent heavy rains.",,,False,False,,,,,,
027,Tokyo_Japan::f36de0e258751b9cb8762011,Tokyo_Japan::f36de0e258751b9cb8762011,sub,"TMG will promote structural and non-structural measures for natural disasters using state-of-the-art technologies and urban facility development, and further improve initiatives to cope with larger typhoons and more frequent heavy rains.","TMG will improve water-disaster information provision by adding flood forecast/water level information rivers, strengthening the Flood Control Integrated Information System, starting operation of the Storm Surge Disaster Prevention Information System, and continuing Tokyo Amesh rainfall information.",Adaptation,,policy_traces/027_TMG_will_improve_water_disaster_information_provision_by_add.json,trace_initiative_policies_valid.csv,parent_statement,"TMG will promote structural and non-structural measures for natural disasters using state-of-the-art technologies and urban facility development, and further improve initiatives to cope with larger typhoons and more frequent heavy rains.",,,False,False,,,,,,
028,Tokyo_Japan::9a92d9124752f39d1ea14139,Tokyo_Japan::9a92d9124752f39d1ea14139,sub,"TMG will promote structural and non-structural measures for natural disasters using state-of-the-art technologies and urban facility development, and further improve initiatives to cope with larger typhoons and more frequent heavy rains.",TMG will strengthen inter-organizational disaster response by enabling liaison staff dispatch to all municipalities and running PDCA-based practical training for large storm/flood scenarios to update plans and manuals.,Adaptation,,policy_traces/028_TMG_will_strengthen_inter_organizational_disaster_response_b.json,trace_initiative_policies_valid.csv,parent_statement,"TMG will promote structural and non-structural measures for natural disasters using state-of-the-art technologies and urban facility development, and further improve initiatives to cope with larger typhoons and more frequent heavy rains.",,,False,False,,,,,,
029,Tokyo_Japan::7fa0093ecf2d4ed8abebafa3,Tokyo_Japan::7fa0093ecf2d4ed8abebafa3,sub,"TMG will promote structural and non-structural measures for natural disasters using state-of-the-art technologies and urban facility development, and further improve initiatives to cope with larger typhoons and more frequent heavy rains.","TMG will enhance cargo transport during disasters via agreements with businesses, practical training, drone-based logistics demonstrations, and systems enabling bidirectional communication with cargo vehicles.",Adaptation,,policy_traces/029_TMG_will_enhance_cargo_transport_during_disasters_via_agreem.json,trace_initiative_policies_valid.csv,parent_statement,"TMG will promote structural and non-structural measures for natural disasters using state-of-the-art technologies and urban facility development, and further improve initiatives to cope with larger typhoons and more frequent heavy rains.",,,False,False,,,,,,
030,Tokyo_Japan::69aae671df2049ec2ce29240,Tokyo_Japan::69aae671df2049ec2ce29240,sub,"TMG will promote structural and non-structural measures for natural disasters using state-of-the-art technologies and urban facility development, and further improve initiatives to cope with larger typhoons and more frequent heavy rains.",TMG will strengthen the emergency water supply system for flexible supply to life-supporting medical institutions during disruptions and conduct year-round comprehensive training to strengthen crisis response capabilities.,Adaptation,,policy_traces/030_TMG_will_strengthen_the_emergency_water_supply_system_for_fl.json,trace_initiative_policies_valid.csv,parent_statement,"TMG will promote structural and non-structural measures for natural disasters using state-of-the-art technologies and urban facility development, and further improve initiatives to cope with larger typhoons and more frequent heavy rains.",,,False,False,,,,,,
031,Tokyo_Japan::f4ecf1d2980634ee5cd11197,Tokyo_Japan::f4ecf1d2980634ee5cd11197,sub,"TMG will promote structural and non-structural measures for natural disasters using state-of-the-art technologies and urban facility development, and further improve initiatives to cope with larger typhoons and more frequent heavy rains.",TMG will continue operating HQR (TFD Headquarters Rescue Operation Forces) for immediate fact-finding and rescue in abnormal weather-caused catastrophic floods.,Adaptation,,policy_traces/031_TMG_will_continue_operating_HQR_TFD_Headquarters_Rescue_Oper.json,trace_initiative_policies_valid.csv,parent_statement,"TMG will promote structural and non-structural measures for natural disasters using state-of-the-art technologies and urban facility development, and further improve initiatives to cope with larger typhoons and more frequent heavy rains.",,,False,False,,,,,,
032,Tokyo_Japan::afbbbe285a1656b383e34afd,Tokyo_Japan::afbbbe285a1656b383e34afd,sub,"TMG will promote structural and non-structural measures for natural disasters using state-of-the-art technologies and urban facility development, and further improve initiatives to cope with larger typhoons and more frequent heavy rains.",TMG will increase the number of police officers qualified to operate disaster heavy equipment and provide guidance and joint training with private operators to improve skills and support public-private emergency disaster control.,Adaptation,,policy_traces/032_TMG_will_increase_the_number_of_police_officers_qualified_to.json,trace_initiative_policies_valid.csv,parent_statement,"TMG will promote structural and non-structural measures for natural disasters using state-of-the-art technologies and urban facility development, and further improve initiatives to cope with larger typhoons and more frequent heavy rains.",,,False,False,,,,,,
033,Tokyo_Japan::7ce8c7ae91fa57e15bfc4ff3,Tokyo_Japan::7ce8c7ae91fa57e15bfc4ff3,sub,"TMG will promote structural and non-structural measures for natural disasters using state-of-the-art technologies and urban facility development, and further improve initiatives to cope with larger typhoons and more frequent heavy rains.",TMG will set up a temporary help desk for disaster victims to handle inquiries and assistance requests.,Adaptation,,policy_traces/033_TMG_will_set_up_a_temporary_help_desk_for_disaster_victims_t.json,trace_initiative_policies_valid.csv,parent_statement,"TMG will promote structural and non-structural measures for natural disasters using state-of-the-art technologies and urban facility development, and further improve initiatives to cope with larger typhoons and more frequent heavy rains.",,,False,False,keep,0.86,True,,,False
034,Tokyo_Japan::cb68b1c625de84233f650a14,Tokyo_Japan::cb68b1c625de84233f650a14,sub,"TMG will promote structural and non-structural measures for natural disasters using state-of-the-art technologies and urban facility development, and further improve initiatives to cope with larger typhoons and more frequent heavy rains.",TMG will train disaster volunteer coordinators and establish the Tokyo Disaster Volunteer Center with TVAC to support volunteer and NPO activities during disasters.,Adaptation,,policy_traces/034_TMG_will_train_disaster_volunteer_coordinators_and_establish.json,trace_initiative_policies_valid.csv,parent_statement,"TMG will promote structural and non-structural measures for natural disasters using state-of-the-art technologies and urban facility development, and further improve initiatives to cope with larger typhoons and more frequent heavy rains.",,,False,False,keep,0.86,True,,,False
035,Tokyo_Japan::86ff7bf559f788b5969155d8,Tokyo_Japan::86ff7bf559f788b5969155d8,sub,"TMG will promote structural and non-structural measures for natural disasters using state-of-the-art technologies and urban facility development, and further improve initiatives to cope with larger typhoons and more frequent heavy rains.","TMG will strengthen support for foreigners by providing multilingual disaster information, training disaster language volunteers with a matching process, establishing a Disaster Information Center for Foreigners when needed, and offering online multilingual consultations for legal/specialized issues.",Adaptation,,policy_traces/035_TMG_will_strengthen_support_for_foreigners_by_providing_mult.json,trace_initiative_policies_valid.csv,parent_statement,"TMG will promote structural and non-structural measures for natural disasters using state-of-the-art technologies and urban facility development, and further improve initiatives to cope with larger typhoons and more frequent heavy rains.",,,False,False,keep,0.83,True,,,False
036,Tokyo_Japan::1d6c92e469f23108e3b2691c,Tokyo_Japan::1d6c92e469f23108e3b2691c,sub,"TMG will promote structural and non-structural measures for natural disasters using state-of-the-art technologies and urban facility development, and further improve initiatives to cope with larger typhoons and more frequent heavy rains.",TMG will support disaster waste planning and wide-area cooperation for proper disposal and promote systems for temporary housing and emergency repairs after disasters.,Adaptation,,policy_traces/036_TMG_will_support_disaster_waste_planning_and_wide_area_coope.json,trace_initiative_policies_valid.csv,parent_statement,"TMG will promote structural and non-structural measures for natural disasters using state-of-the-art technologies and urban facility development, and further improve initiatives to cope with larger typhoons and more frequent heavy rains.",,,False,False,,,,,,
038,Tokyo_Japan::d285285bbc12f71cf9ebbc25,Tokyo_Japan::d285285bbc12f71cf9ebbc25,sub,"TMG will strengthen health adaptation by implementing preventive and ex-post measures to minimize heatstroke, infectious disease risks, and air-pollution health hazards.","TMG will promote public heat countermeasures by fostering momentum for Uchimizu, creating cool spots with misting devices, constructing about 245 km of heat-blocking/water-retaining pavements by FY2030, promoting urban greening, increasing Tokyo Zero Emission Houses and supporting municipal heat-shielding/efficient appliance upgrades, and using smart poles to collect temperature/humidity data.",Adaptation,,policy_traces/038_TMG_will_promote_public_heat_countermeasures_by_fostering_mo.json,trace_initiative_policies_valid.csv,parent_statement,"TMG will strengthen health adaptation by implementing preventive and ex-post measures to minimize heatstroke, infectious disease risks, and air-pollution health hazards.",,,False,False,,,,,,
039,Tokyo_Japan::6a9ca869079b4685d9114888,Tokyo_Japan::6a9ca869079b4685d9114888,sub,"TMG will strengthen health adaptation by implementing preventive and ex-post measures to minimize heatstroke, infectious disease risks, and air-pollution health hazards.","TMG will reduce mosquito-borne infectious disease risk by providing occurrence/prevention/source-control information, conducting mosquito surveillance, and ensuring pathogen inspection systems; it will also surveil fire ants with partners and raise awareness to reduce risks from harmful alien species.",Adaptation,,policy_traces/039_TMG_will_reduce_mosquito_borne_infectious_disease_risk_by_pr.json,trace_initiative_policies_valid.csv,parent_statement,"TMG will strengthen health adaptation by implementing preventive and ex-post measures to minimize heatstroke, infectious disease risks, and air-pollution health hazards.",,,False,False,keep,0.84,True,,,False
040,Tokyo_Japan::faf8c2b11b64a42999569455,Tokyo_Japan::faf8c2b11b64a42999569455,sub,"TMG will strengthen health adaptation by implementing preventive and ex-post measures to minimize heatstroke, infectious disease risks, and air-pollution health hazards.","TMG will reduce air pollutant emissions by encouraging factory measures, vehicle emission reduction, and voluntary business efforts; coordinate with the Nine Local Governments Coalition to analyze mechanisms and take measures; and publish air quality data as open data for advanced-tech-enabled air pollution measures.",Mitigation,,policy_traces/040_TMG_will_reduce_air_pollutant_emissions_by_encouraging_facto.json,trace_initiative_policies_valid.csv,parent_statement,"TMG will strengthen health adaptation by implementing preventive and ex-post measures to minimize heatstroke, infectious disease risks, and air-pollution health hazards.",,,False,False,reclassify,0.72,,Resource Efficiency,True,False
042,Tokyo_Japan::7dc53ac0f0555ad1ca03b908,Tokyo_Japan::7dc53ac0f0555ad1ca03b908,sub,"TMG will promote Tokyo-Style Smart Agriculture to maintain stable agricultural production under climate change and realize high profits on a small scale using IoT, AI, and other advanced technologies, including R&D across three fields.",TMG will develop/verify the Tokyo Future Agrisystem (small solar-powered plant factory) and consider verification tests to expand coverage to strawberries and reduce facility/equipment costs using small computers.,Mitigation,,policy_traces/042_TMG_will_developverify_the_Tokyo_Future_Agrisystem_small_sol.json,trace_initiative_policies_valid.csv,parent_statement,"TMG will promote Tokyo-Style Smart Agriculture to maintain stable agricultural production under climate change and realize high profits on a small scale using IoT, AI, and other advanced technologies, including R&D across three fields.",,,False,False,,,,,,
043,Tokyo_Japan::e66a755fe26074de1c30a8e2,Tokyo_Japan::e66a755fe26074de1c30a8e2,sub,"TMG will promote Tokyo-Style Smart Agriculture to maintain stable agricultural production under climate change and realize high profits on a small scale using IoT, AI, and other advanced technologies, including R&D across three fields.","TMG will conduct verification tests of new agricultural systems using IoT/AI and advanced technologies (e.g., farm stand support, environmentally controlled fruit cultivation, lightweight flexible solar cells).",Resource Efficiency,,policy_traces/043_TMG_will_conduct_verification_tests_of_new_agricultural_syst.json,trace_initiative_policies_valid.csv,parent_statement,"TMG will promote Tokyo-Style Smart Agriculture to maintain stable agricultural production under climate change and realize high profits on a small scale using IoT, AI, and other advanced technologies, including R&D across three fields.",,,False,False,,,,,,
044,Tokyo_Japan::7873bac98babdba2163614a7,Tokyo_Japan::7873bac98babdba2163614a7,sub,"TMG will promote Tokyo-Style Smart Agriculture to maintain stable agricultural production under climate change and realize high profits on a small scale using IoT, AI, and other advanced technologies, including R&D across three fields.","TMG will aim to implement new agricultural technologies using local 5G, including ultra-high resolution cameras, smart glasses, and autonomous driving robots, in collaboration with private businesses.",Mitigation,,policy_traces/044_TMG_will_aim_to_implement_new_agricultural_technologies_usin.json,trace_initiative_policies_valid.csv,parent_statement,"TMG will promote Tokyo-Style Smart Agriculture to maintain stable agricultural production under climate change and realize high profits on a small scale using IoT, AI, and other advanced technologies, including R&D across three fields.",,,False,False,,,,,,
046,Tokyo_Japan::c2872e24b3c27643edd4b2fb,Tokyo_Japan::c2872e24b3c27643edd4b2fb,sub,"TMG will ensure stable supply of high-quality tap water by reducing drought and raw water quality risks, improving sewer systems and treatment facilities, and continuing monitoring for water quality improvements.",TMG will improve water supply stability by doubling water conveyance facilities.,Adaptation,,policy_traces/046_TMG_will_improve_water_supply_stability_by_doubling_water_co.json,trace_initiative_policies_valid.csv,parent_statement,"TMG will ensure stable supply of high-quality tap water by reducing drought and raw water quality risks, improving sewer systems and treatment facilities, and continuing monitoring for water quality improvements.",,,False,False,,,,,,
047,Tokyo_Japan::f19ca74f6c4d6e0d59b8d49e,Tokyo_Japan::f19ca74f6c4d6e0d59b8d49e,sub,"TMG will ensure stable supply of high-quality tap water by reducing drought and raw water quality risks, improving sewer systems and treatment facilities, and continuing monitoring for water quality improvements.","TMG will enhance water conservation forests through thinning/pruning and deer damage measures, purchase devastated private forests and restore with local governments, and use drones to manage and investigate forest conditions.",Nature-Based Solutions,,policy_traces/047_TMG_will_enhance_water_conservation_forests_through_thinning.json,trace_initiative_policies_valid.csv,parent_statement,"TMG will ensure stable supply of high-quality tap water by reducing drought and raw water quality risks, improving sewer systems and treatment facilities, and continuing monitoring for water quality improvements.",,,False,False,,,,,,
048,Tokyo_Japan::750aa1165f7de23b789863f0,Tokyo_Japan::750aa1165f7de23b789863f0,sub,"TMG will ensure stable supply of high-quality tap water by reducing drought and raw water quality risks, improving sewer systems and treatment facilities, and continuing monitoring for water quality improvements.","TMG will improve purification plant operations by considering new purification technologies, reducing environmental load, and introducing ICT and other latest technologies.",Resource Efficiency,,policy_traces/048_TMG_will_improve_purification_plant_operations_by_considerin.json,trace_initiative_policies_valid.csv,parent_statement,"TMG will ensure stable supply of high-quality tap water by reducing drought and raw water quality risks, improving sewer systems and treatment facilities, and continuing monitoring for water quality improvements.",,,False,False,,,,,,
049,Tokyo_Japan::b2d1383ef8459ea5c19db3d3,Tokyo_Japan::b2d1383ef8459ea5c19db3d3,sub,"TMG will ensure stable supply of high-quality tap water by reducing drought and raw water quality risks, improving sewer systems and treatment facilities, and continuing monitoring for water quality improvements.",TMG will reduce pollution loads by continuously improving combined sewer systems (including capturing initial stormwater and introducing separate sewer systems for some facilities/development districts).,Adaptation,,policy_traces/049_TMG_will_reduce_pollution_loads_by_continuously_improving_co.json,trace_initiative_policies_valid.csv,parent_statement,"TMG will ensure stable supply of high-quality tap water by reducing drought and raw water quality risks, improving sewer systems and treatment facilities, and continuing monitoring for water quality improvements.",,,False,False,reclassify,0.74,,Resource Efficiency,True,False
050,Tokyo_Japan::0875c3d6fa11ebd057f8ea10,Tokyo_Japan::0875c3d6fa11ebd057f8ea10,sub,"TMG will ensure stable supply of high-quality tap water by reducing drought and raw water quality risks, improving sewer systems and treatment facilities, and continuing monitoring for water quality improvements.",TMG will introduce advanced and semi-advanced treatment facilities at water reclamation centers to improve treated sewage quality.,Resource Efficiency,,policy_traces/050_TMG_will_introduce_advanced_and_semi_advanced_treatment_faci.json,trace_initiative_policies_valid.csv,parent_statement,"TMG will ensure stable supply of high-quality tap water by reducing drought and raw water quality risks, improving sewer systems and treatment facilities, and continuing monitoring for water quality improvements.",,,False,False,keep,0.77,True,,,False
051,Tokyo_Japan::42dde076967fb59e6d99b14f,Tokyo_Japan::42dde076967fb59e6d99b14f,sub,"TMG will ensure stable supply of high-quality tap water by reducing drought and raw water quality risks, improving sewer systems and treatment facilities, and continuing monitoring for water quality improvements.",TMG will systematically dredge sludge from tidal rivers and canals (including the Sumida River) to improve water quality and prevent bad odors.,Resource Efficiency,,policy_traces/051_TMG_will_systematically_dredge_sludge_from_tidal_rivers_and_.json,trace_initiative_policies_valid.csv,parent_statement,"TMG will ensure stable supply of high-quality tap water by reducing drought and raw water quality risks, improving sewer systems and treatment facilities, and continuing monitoring for water quality improvements.",,,False,False,keep,0.78,True,,,False
052,Tokyo_Japan::fcc540ef93c1e4c6d4bd7a13,Tokyo_Japan::fcc540ef93c1e4c6d4bd7a13,sub,"TMG will ensure stable supply of high-quality tap water by reducing drought and raw water quality risks, improving sewer systems and treatment facilities, and continuing monitoring for water quality improvements.",TMG will continue monitoring water quality and researching aquatic organisms to verify initiative effects and inform future improvements.,Adaptation,,policy_traces/052_TMG_will_continue_monitoring_water_quality_and_researching_a.json,trace_initiative_policies_valid.csv,parent_statement,"TMG will ensure stable supply of high-quality tap water by reducing drought and raw water quality risks, improving sewer systems and treatment facilities, and continuing monitoring for water quality improvements.",,,False,False,,,,,,
