mechanism_key,city,policy_statement_preview,registry_label,per_policy_label,agrees_with_registry
adaptation_planning_framework → institutional_adaptive_capacity,Memphis_Tenesse_United_States,"Identify and prioritize cross-cutting strategies that address climate change mitigation and adaptation, including implementing Mid-South Regional Resilience Pla",Adaptation,Adaptation,True
adaptation_planning_framework → institutional_adaptive_capacity,New_York_United_States,"Commit to Creating, Implementing, and Updating a Comprehensive and Equitable State Climate Change Adaptation and Resilience Plan (AR1).",Adaptation,Adaptation,True
adaptation_planning_framework → institutional_adaptive_capacity,Egypt,Ministry of Health and Population to study expected health impacts of climate change and develop and adopt a plan to address these impacts effectively.,Adaptation,Adaptation,True
adaptation_planning_framework → institutional_adaptive_capacity,Budapest_Hungary,Aá-5 objective: Prepare for extreme weather conditions and health impacts of climate change.,Adaptation,Adaptation,True
adaptation_planning_framework → institutional_adaptive_capacity,Fiji,"Engage in adaptation planning processes and implement actions including developing or enhancing relevant plans, policies or contributions, as appropriate.",Adaptation,Adaptation,True
adaptation_planning_framework → institutional_adaptive_capacity,Hiroshima_Japan,Hiroshima City will implement an Adaptation Plan with two pillars: improving acknowledgement/understanding of climate change and improving regional comprehensiv,Adaptation,Adaptation,True
adaptation_planning_framework → institutional_adaptive_capacity,Colorado_Springs_CO_United_States,"Recognize vulnerability of natural and built landscapes to hazards, degradation, and overuse, and strengthen resilience through management and planning actions.",Adaptation,Adaptation,True
adaptation_planning_framework → institutional_adaptive_capacity,New_Zealand,Produce guidance for dynamic adaptive pathways planning (DAPP) for central and local government to plan adaptation under uncertain climate futures.,Adaptation,Adaptation,True
afforestation_greenbelt → desertification_and_erosion_control,New_York_United_States,"LU2 advances afforestation and reforestation through a statewide plan with acreage/tree targets, right-of-way reforestation, nursery investment, seed collection",Mitigation,Nature-Based Solutions,False
afforestation_greenbelt → desertification_and_erosion_control,Portugal,"Recover areas of degraded soils and vegetation, prioritising areas susceptible to desertification, including areas affected by rural/forest fires, eroded/salted",Adaptation,Nature-Based Solutions,False
afforestation_greenbelt → desertification_and_erosion_control,Perugia_Italy,"Italy implements programmes and initiatives in agriculture and forestry to increase and better manage forest areas/woodlands, reclaim abandoned territories, and",Mitigation,Nature-Based Solutions,False
afforestation_greenbelt → desertification_and_erosion_control,Kuwait,"Implement green belts and increase protected areas to adapt to dust storms, including the 'Kuwait Green Wall Project' to plant 315,000 trees for a 420 km wall a",Adaptation,Adaptation,True
afforestation_greenbelt → desertification_and_erosion_control,Brussles_Belgium,"Plant 8 trees for each newborn child registered, in deforestation-sensitive areas in UN-recognised developing countries, to increase carbon sinks.",Mitigation,Nature-Based Solutions,False
afforestation_greenbelt → desertification_and_erosion_control,New_York_United_States,Identify and prioritize locations where afforestation/reforestation are most likely to succeed using data and expert input.,Mitigation,Nature-Based Solutions,False
afforestation_greenbelt → desertification_and_erosion_control,New_York_United_States,"Expand funding for cost-share programs (e.g., Regenerate NY) to help landowners implement reforestation/afforestation while larger initiatives are established.",Mitigation,Nature-Based Solutions,False
afforestation_greenbelt → desertification_and_erosion_control,New_York_United_States,Develop a Statewide Reforestation and Afforestation Plan with goals for 2030/2040/2050 and encourage/support programs to establish and maintain 1.7 million acre,Mitigation,Nature-Based Solutions,False
building_electrification → building_emissions_reduction,Los_Angeles_California_United_States,"Strategy 5: Decarbonize Buildings through measures to electrify existing buildings, standardize all-electric new development, and other decarbonization actions ",Mitigation,Mitigation,True
building_electrification → building_emissions_reduction,San_Francisco_California_United_States,"By 2023, evaluate rate and program options to facilitate an affordable transition to all-electric buildings (ES.3-2).",Mitigation,Mitigation,True
building_electrification → building_emissions_reduction,Chicago_IL_US,Strategy 4.2 Enable building and personal vehicle electrification (Pillar 4).,Mitigation,Mitigation,True
building_electrification → building_emissions_reduction,Chicago_IL_US,Enact policies that support electrified renovations and new construction by 2023.,Mitigation,Mitigation,True
building_electrification → building_emissions_reduction,Chicago_IL_US,Electrify 30% of total existing residential buildings by 2035.,Mitigation,Mitigation,True
building_energy_code → energy_use_reduction,Utah_United_States,"Require new Salt Lake City government facilities above 10,000 square feet (with certain exceptions) to be constructed to Net Zero Energy standards and include o",Mitigation,Mitigation,True
building_energy_code → energy_use_reduction,Memphis_Tenesse_United_States,"Implement green building standards by 2022 with 100% compliance by 2025, including requiring new municipal buildings and major renovations to meet LEED Silver o",Mitigation,Mitigation,True
building_energy_code → energy_use_reduction,Miami_Dade_County_FL_US,Approach 3: Build ultra-low energy buildings and reduce the energy use intensity of new buildings.,Mitigation,Resource Efficiency,False
building_energy_code → energy_use_reduction,New_York_United_States,"Require that by no later than 2023, all new construction projects receiving HCR Tax Credit funding be high-performance and all-electric buildings per HCR Sustai",Mitigation,Mitigation,True
building_energy_code → energy_use_reduction,Austin_Texas_United_States,Achieve net-zero carbon for all new buildings and reduce emissions by 25% for existing buildings while lowering all natural gas-related emissions by 30% by 2030,Mitigation,Mitigation,True
building_energy_code → energy_use_reduction,Helsinki_Finland,"Pilot energy-plus construction, assess costs/challenges, and prepare a plan to gradually move toward energy-plus construction.",Mitigation,Mitigation,True
building_energy_code → energy_use_reduction,Fiji,"Make regulations and develop policies for constructing sustainable, low-emissions, energy-efficient, climate-resilient infrastructure and buildings.",Mitigation,Mitigation,True
building_energy_code → energy_use_reduction,Singapore,Achieve BCA Green Mark standards for 80% of buildings by 2030.,Mitigation,Mitigation,True
building_energy_efficiency_program → energy_use_reduction,Memphis_Tenesse_United_States,"Improve energy efficiency of buildings and key infrastructure through a package of priority actions (green building standards, low-income efficiency, outreach/e",Resource Efficiency,Mitigation,False
building_energy_efficiency_program → energy_use_reduction,Singapore,Improve energy efficiency of building tenants.,Resource Efficiency,Mitigation,False
building_energy_efficiency_program → energy_use_reduction,Hong_Kong_China,Hong Kong will reduce electricity consumption of new and existing commercial buildings by 15–20% and residential buildings by 10–15% by 2035 (baseline: 2015 ope,Resource Efficiency,Resource Efficiency,True
building_energy_efficiency_program → energy_use_reduction,Los_Angeles_California_United_States,Measure E4 will improve energy efficiency of existing buildings by reducing building energy use intensity relative to 2015 by sector-specific percentages by 203,Resource Efficiency,Resource Efficiency,True
building_energy_efficiency_program → energy_use_reduction,Perugia_Italy,Italy implements Ministry of Industry Decrees of 24 April 2001 to increase end-use energy efficiency.,Resource Efficiency,Mitigation,False
building_energy_efficiency_program → energy_use_reduction,Brussles_Belgium,"An exemplary energy policy and building management (2030 strategic objectives) for energy efficiency, renewable/local energy, and sustainable construction/renov",Resource Efficiency,Mitigation,False
building_energy_efficiency_program → energy_use_reduction,Seattle_WA_US,"Incentives & Assistance (Building Energy): deploy and expand incentive, financing, and assistance programs for energy efficiency upgrades across residential, mu",Resource Efficiency,Resource Efficiency,True
building_performance_ordinance → energy_use_reduction,Utah_United_States,"Implement a Comprehensive Energy Management Executive Order requiring measures such as energy benchmarking, efficiency investments, facility operator training, ",Mitigation,Resource Efficiency,False
building_performance_ordinance → energy_use_reduction,Miami_Dade_County_FL_US,"Approach 1: Benchmark, retune, and retrofit existing buildings to reduce emissions from the buildings sector.",Mitigation,Mitigation,True
building_performance_ordinance → energy_use_reduction,Miami_Dade_County_FL_US,Adopt a Building Performance Ordinance to ensure benchmarking and retuning of large existing buildings community-wide.,Mitigation,Mitigation,True
building_performance_ordinance → energy_use_reduction,San_Francisco_California_United_States,"Adopt a building performance policy requiring large commercial buildings to fully transition to efficient all-electric equipment by 2035, begin regular disclosu",Mitigation,Mitigation,True
building_performance_ordinance → energy_use_reduction,Miami_Dade_Florida_United_States,"Approach 1: Benchmark, retune, and retrofit existing buildings to reduce emissions from energy use in buildings.",Mitigation,Mitigation,True
building_performance_ordinance → energy_use_reduction,Miami_Dade_Florida_United_States,Adopt a Building Performance Ordinance to ensure benchmarking and retuning of large existing buildings community-wide.,Mitigation,Mitigation,True
building_performance_ordinance → energy_use_reduction,Miami_Dade_Florida_United_States,Create a Quality Assurance Verifier position to support the guidelines and applicability of the Building Performance Ordinance.,Mitigation,Mitigation,True
building_retuning → energy_use_reduction,Helsinki_Finland,Upgrade Heka's old property automation systems to improve energy efficiency and enable remote reading/measuring of water consumption with HSY.,Mitigation,Resource Efficiency,False
building_retuning → energy_use_reduction,Hong_Kong_China,"The Government will consider more frequent energy audits and mandating implementation of identified energy management opportunities, strengthen promotion of ret",Mitigation,Resource Efficiency,False
building_retuning → energy_use_reduction,Luxor_Egypt,"For tertiary buildings, Luxor will implement an action plan including mapping tertiary buildings’ energy use, conducting awareness and training for private entr",Mitigation,Mitigation,True
building_retuning → energy_use_reduction,Seattle_WA_US,Develop a Resource Conservation Management Plan for City facilities including a strategy for routine energy system 'tune ups' (retro-commissioning) (by 2015).,Mitigation,Resource Efficiency,False
building_retuning → energy_use_reduction,Seattle_WA_US,Pilot a retro-commissioning incentive program providing financial and technical assistance to tune up energy systems in existing commercial buildings (by 2015).,Mitigation,Mitigation,True
building_retuning → energy_use_reduction,Seattle_WA_US,Require periodic retro-commissioning (building tune-ups) for the largest and least efficient commercial and multifamily buildings by 2030.,Mitigation,Mitigation,True
cogeneration_waste_to_energy → fossil_generation_displacement_and_methane_capture,Miami_Dade_County_FL_US,Generate 48 GWh/year of electricity from cogeneration at wastewater plants by 2030.,Mitigation,Mitigation,True
cogeneration_waste_to_energy → fossil_generation_displacement_and_methane_capture,New_York_United_States,"W4 converts wastewater treatment plants to WRRFs emphasizing beneficial product capture, supporting beneficial use, anaerobic digestion optimization, and co-pol",Mitigation,Resource Efficiency,False
cogeneration_waste_to_energy → fossil_generation_displacement_and_methane_capture,Hong_Kong_China,The Government will enhance recovery of landfill gases from the three operating landfills to provide thermal energy and electricity for landfill operations and ,Mitigation,Mitigation,True
cogeneration_waste_to_energy → fossil_generation_displacement_and_methane_capture,Liberia,Waste management adaptation/mitigation strategy: strengthen community and institutional capacity for integrated waste management; develop an integrated waste ma,Mitigation,Mitigation,True
cogeneration_waste_to_energy → fossil_generation_displacement_and_methane_capture,Miami_Dade_Florida_United_States,Generate 48 GWh/year of electricity from cogeneration at wastewater plants by 2030.,Mitigation,Mitigation,True
cogeneration_waste_to_energy → fossil_generation_displacement_and_methane_capture,Seattle_WA_US,"Explore producing alternative fuels from Seattle waste, such as liquid natural gas from anaerobic digesters, by 2030.",Mitigation,Mitigation,True
cogeneration_waste_to_energy → fossil_generation_displacement_and_methane_capture,Miami_Dade_County_FL_US,"Build a new, more efficient electricity-from-waste facility with onsite solar designed to charge electric vehicles in the County fleet.",Mitigation,Mitigation,True
cogeneration_waste_to_energy → fossil_generation_displacement_and_methane_capture,Miami_Dade_County_FL_US,Upgrade cogeneration at wastewater treatment plants to produce 9.6 MW of electricity from biogas.,Mitigation,Mitigation,True
desalination_capacity_expansion → water_supply_resilience,Hong_Kong_China,"The Tseung Kwan O Desalination Plant (first stage) is targeted to be commissioned in 2023 with capacity about 135,000 m³/day (about 5% of overall fresh water de",Adaptation,Adaptation,True
desalination_capacity_expansion → water_supply_resilience,Yanbu_Saudi_Arabia,"Implement adaptation actions related to water and wastewater management to reduce exposure and vulnerability, including the listed steps (a–g) to reduce emissio",Adaptation,Mitigation,False
desalination_capacity_expansion → water_supply_resilience,Kuwait,Build additional desalination capacity: Kuwait produced around 3.85 MCM/d of desalinated water in 2016; eight additional plants were being commissioned and addi,Adaptation,Adaptation,True
desalination_capacity_expansion → water_supply_resilience,Kuwait,"Invest USD 5.5 million jointly with MIT to research updates to current desalination plants and next-generation desalination plants (since 2016, ongoing).",Adaptation,Adaptation,True
desalination_capacity_expansion → water_supply_resilience,Kuwait,Construct desalination using Multi-Stage Flash (MSF) technology: operate 40 MSF units with total production capacity of 234 MGD (completed).,Adaptation,Adaptation,True
economy_wide_ghg_target → emissions_reduction_pathway,Memphis_Tenesse_United_States,Adopt local government operations (City of Memphis and Shelby County) GHG reduction targets of 20% (buildings) and 15% (fleet) by 2020; 55% (buildings) and 45% ,Mitigation,Mitigation,True
economy_wide_ghg_target → emissions_reduction_pathway,Miami_Dade_County_FL_US,"Reduce greenhouse gas emissions from Miami International Airport and PortMiami operations by 2030 (50% and 25% respectively, as stated in the 2030 targets list)",Mitigation,Mitigation,True
economy_wide_ghg_target → emissions_reduction_pathway,New_York_United_States,Adopt and implement New York State's Climate Leadership and Community Protection Act (Climate Act) emission reduction requirements: reduce economywide GHG emiss,Mitigation,Mitigation,True
economy_wide_ghg_target → emissions_reduction_pathway,Austin_Texas_United_States,Austin will achieve net-zero community-wide greenhouse gas emissions by 2040.,Mitigation,Mitigation,True
economy_wide_ghg_target → emissions_reduction_pathway,Helsinki_Finland,The growing city structure (key actions related to the growing city structure).,Mitigation,Mitigation,True
economy_wide_ghg_target → emissions_reduction_pathway,Budapest_Hungary,Budapest has set a target to reduce its greenhouse gas emissions by at least 40% by 2030 compared to the 2015 base year.,Mitigation,Mitigation,True
economy_wide_ghg_target → emissions_reduction_pathway,Stockholm_Sweden,Limit emissions within Stockholm’s geographical area to a maximum of 0.6 tonnes CO2e per resident by 2030 and ensure negative emissions are greater than remaini,Mitigation,Mitigation,True
economy_wide_ghg_target → emissions_reduction_pathway,Fiji,"Prepare, communicate and maintain successive NDCs that the Minister intends Fiji to achieve.",Mitigation,Mitigation,True
embodied_carbon_reduction → construction_emissions_reduction,New_York_United_States,B11. Reduce Embodied Carbon from Building Construction (strategy framework).,Mitigation,Mitigation,True
embodied_carbon_reduction → construction_emissions_reduction,Austin_Texas_United_States,Reduce the embodied carbon footprint of building materials used in local construction by 40% from a 2020 baseline by 2030 (with project embodied carbon not exce,Mitigation,Mitigation,True
embodied_carbon_reduction → construction_emissions_reduction,Helsinki_Finland,"Minimise lifecycle emissions from City construction and infrastructure projects by developing tools/methods/databases, reporting current state and opportunities",Mitigation,Mitigation,True
embodied_carbon_reduction → construction_emissions_reduction,Budapest_Hungary,A9: Prioritize climate protection in municipal public procurement and support schemes by promoting climate-friendly construction materials and technologies (e.g,Mitigation,Mitigation,True
embodied_carbon_reduction → construction_emissions_reduction,Stockholm_Sweden,"Specify requirements for limit values for climate impact from new production (A1–A5) in City construction, and where appropriate set stricter requirements (2024",Mitigation,Mitigation,True
embodied_carbon_reduction → construction_emissions_reduction,San_Francisco_California_United_States,"By 2025, establish codes and regulations to enable new materials (e.g., cross-laminated timber) and technologies (e.g., modular housing) to lower costs and incr",Mitigation,Resource Efficiency,False
embodied_carbon_reduction → construction_emissions_reduction,Brussles_Belgium,Adopt measures to reduce construction site environmental impacts and routinely analyse environmental impact of two variants for construction/renovation projects,Mitigation,Resource Efficiency,False
embodied_carbon_reduction → construction_emissions_reduction,Miami_Dade_Florida_United_States,Assess embodied carbon in new construction and create policies and programs to reduce it.,Mitigation,Mitigation,True
energy_benchmarking_disclosure → market_signal_for_efficiency,Miami_Dade_County_FL_US,Benchmark 1.3 billion square feet of communitywide buildings by 2026.,Resource Efficiency,Resource Efficiency,True
energy_benchmarking_disclosure → market_signal_for_efficiency,New_York_United_States,Encourage local governments to benchmark and report municipal building/facility energy use.,Resource Efficiency,Mitigation,False
energy_benchmarking_disclosure → market_signal_for_efficiency,Austin_Texas_United_States,"Enhance resident and building owner understanding of energy consumption via outreach, culturally relevant communications, expanded benchmarking for existing bui",Resource Efficiency,Mitigation,False
energy_benchmarking_disclosure → market_signal_for_efficiency,Helsinki_Finland,Develop office-building energy monitoring toward energy-efficiency monitoring by integrating building condition and usage data; connect all City-owned/service p,Resource Efficiency,Resource Efficiency,True
energy_benchmarking_disclosure → market_signal_for_efficiency,Chicago_IL_US,Report energy burden by community area by 2023.,Resource Efficiency,Resource Efficiency,True
energy_benchmarking_disclosure → market_signal_for_efficiency,Miami_Dade_Florida_United_States,Benchmark 1.3 billion square feet of communitywide buildings by 2026.,Resource Efficiency,Resource Efficiency,True
energy_benchmarking_disclosure → market_signal_for_efficiency,Seattle_WA_US,"Information (Building Energy): improve access to building energy performance information through smart meters, ratings/benchmarking, management plans, and audit",Resource Efficiency,Resource Efficiency,True
energy_benchmarking_disclosure → market_signal_for_efficiency,Seattle_WA_US,Make information from Energy Benchmarking reports publicly accessible by 2030.,Resource Efficiency,Resource Efficiency,True
energy_storage_deployment → grid_flexibility_and_renewable_integration,New_York_United_States,E6. Deploy Existing Storage Technologies (strategy framework).,Mitigation,Mitigation,True
energy_storage_deployment → grid_flexibility_and_renewable_integration,Egypt,"Use energy storage technologies such as batteries, molten salt, and pumped storage.",Mitigation,Mitigation,True
energy_storage_deployment → grid_flexibility_and_renewable_integration,Helsinki_Finland,"Examine property-specific/regional energy storage opportunities and cost effects, set objectives for storage use (demand response and reserve power), and prepar",Mitigation,Resource Efficiency,False
energy_storage_deployment → grid_flexibility_and_renewable_integration,Los_Angeles_California_United_States,Invest in energy storage and microgrids at critical County facilities through CPA's Power Ready Program.,Mitigation,Adaptation,False
energy_storage_deployment → grid_flexibility_and_renewable_integration,Tokyo_Japan,TMG will improve island resilience by installing solar generation and storage on islands and considering regional renewable energy sharing.,Mitigation,Mitigation,True
energy_storage_deployment → grid_flexibility_and_renewable_integration,Chicago_IL_US,Strategy 4.5 Enable interconnection and storage (Pillar 4).,Mitigation,Resource Efficiency,False
energy_storage_deployment → grid_flexibility_and_renewable_integration,Columbus_Ohio_United_States,Evaluate microgrid and energy storage projects by completing a prioritization study by 2025 and implementing 5 microgrid pilot projects by 2030.,Mitigation,Mitigation,True
energy_storage_deployment → grid_flexibility_and_renewable_integration,New_York_United_States,"Create a dedicated funding mechanism and binding targets for energy storage similar to CES as soon as practicable and no later than end of 2023, prioritizing fu",Mitigation,Mitigation,True
environmental_monitoring_system → adaptation_planning_support,New_York_United_States,Develop tools to verify benefits and invest in remote sensing to quantify adoption of practices and environmental benefits.,Adaptation,Resource Efficiency,False
environmental_monitoring_system → adaptation_planning_support,Egypt,Activate and use interactive maps to study expected climate impacts on regions/projects and update interactive maps every five years as part of adaptation measu,Adaptation,Adaptation,True
environmental_monitoring_system → adaptation_planning_support,Helsinki_Finland,Examine implementation status of recent energy survey actions and project unimplemented feasible actions; improve documentation of survey implementation.,Adaptation,Resource Efficiency,False
environmental_monitoring_system → adaptation_planning_support,Budapest_Hungary,"M6: Conduct surveys and research (including detailed building modelling and databases, renewable potential assessment, and life-cycle analyses) to support plann",Adaptation,Mitigation,False
environmental_monitoring_system → adaptation_planning_support,Stockholm_Sweden,"Develop work with digital tools in the climate transition including IoT and AI, as well as data management, structuring and visualisation (2024–2030).",Adaptation,Mitigation,False
environmental_monitoring_system → adaptation_planning_support,Fiji,Provide a national inventory report and information necessary to track progress in implementing and achieving Fiji's NDC.,Adaptation,Mitigation,False
environmental_monitoring_system → adaptation_planning_support,Hiroshima_Japan,Hiroshima City will cooperate with the state and universities to consider a system to learn and evaluate climate change effects to time and advance adaptation m,Adaptation,Adaptation,True
environmental_monitoring_system → adaptation_planning_support,New_Zealand,Promote the use of updated Aotearoa New Zealand Climate Change Projections guidance highlighting changes from AR6 to support updated risk management plans.,Adaptation,Adaptation,True
ev_charging_infrastructure → ev_adoption_enabling,Memphis_Tenesse_United_States,Set the stage for vehicle electrification through a priority action to encourage electric vehicle adoption and develop charging infrastructure.,Mitigation,Mitigation,True
ev_charging_infrastructure → ev_adoption_enabling,Austin_Texas_United_States,"Provide an equitably distributed mix of Level 1, Level 2, and DC fast charging infrastructure sufficient to accommodate 40% of VMT by 2030 (potentially 37,000+ ",Mitigation,Mitigation,True
ev_charging_infrastructure → ev_adoption_enabling,Helsinki_Finland,"Enable market-based construction of public charging infrastructure for electric cars, implementing recommendations of the electric traffic working group (by 203",Mitigation,Mitigation,True
ev_charging_infrastructure → ev_adoption_enabling,Budapest_Hungary,"M10: Facilitate uptake of electric/low-emission vehicles by supporting incentives (e.g., free parking initially) and establishing/supporting public charging inf",Mitigation,Mitigation,True
ev_charging_infrastructure → ev_adoption_enabling,Stockholm_Sweden,"Build adequate and appropriate charging infrastructure throughout the City, including coordinating planned infrastructure for equal access (2024–2030).",Mitigation,Mitigation,True
ev_charging_infrastructure → ev_adoption_enabling,Hong_Kong_China,The Government will partner with sectors to test electric and new energy public transport and commercial vehicles and aims to set a more concrete way forward an,Mitigation,Mitigation,True
ev_charging_infrastructure → ev_adoption_enabling,Los_Angeles_California_United_States,"Strategy 4 will institutionalize low-carbon transportation by increasing access to charging infrastructure, installing EV charging stations, requiring new devel",Mitigation,Mitigation,True
ev_charging_infrastructure → ev_adoption_enabling,Tokyo_Japan,"TMG will promote the spread of ZEVs for disaster power supply (V2H/V2B), including installing public chargers and hydrogen stations and introducing portable V2L",Mitigation,Mitigation,True
fleet_electrification → transport_emissions_reduction,Utah_United_States,"Develop and implement Tailpipe Emissions Reduction Plans to guide fleet investments and operations, and expand/maintain a city fleet that included over 130 hybr",Mitigation,Mitigation,True
fleet_electrification → transport_emissions_reduction,Memphis_Tenesse_United_States,"Increase passenger EV travel to 5% by 2025, 30% by 2035, and 50% by 2050; and increase freight EV travel to 3% by 2025, 20% by 2035, and 50% by 2050, including ",Mitigation,Mitigation,True
fleet_electrification → transport_emissions_reduction,Miami_Dade_County_FL_US,Electrify the County fleet by 2030: 80% of light vehicles and 50% of buses.,Mitigation,Mitigation,True
fleet_electrification → transport_emissions_reduction,New_York_United_States,Support electrification of municipal and school district fleets while increasing fleet-wide fuel economy.,Mitigation,Mitigation,True
fleet_electrification → transport_emissions_reduction,Austin_Texas_United_States,"Electrify 40% of total vehicle miles traveled (VMT) in Austin by 2030 and ensure EV ownership is culturally, geographically, and economically diverse (about 460",Mitigation,Mitigation,True
fleet_electrification → transport_emissions_reduction,Helsinki_Finland,Changes in vehicle technology (key actions related to the changes in vehicle technology).,Mitigation,Mitigation,True
fleet_electrification → transport_emissions_reduction,Hong_Kong_China,The Government will subsidise ferry operators to trial electric and hybrid ferries and will explore progressively replacing traditional ferries with new energy ,Mitigation,Mitigation,True
fleet_electrification → transport_emissions_reduction,Los_Angeles_California_United_States,"Measure T7 will electrify County fleet vehicles by electrifying bus and shuttle fleets by 2035, increasing County-owned light-duty ZEV shares by 2030/2035/2045,",Mitigation,Mitigation,True
green_infrastructure_expansion → heat_and_stormwater_resilience,Miami_Dade_County_FL_US,Develop a mitigation policy to ensure County-approved development results in a net increase to green infrastructure by the development's completion date.,Adaptation,Mitigation,False
green_infrastructure_expansion → heat_and_stormwater_resilience,Austin_Texas_United_States,"Reclaim underused public spaces to increase access and ecological function through green infrastructure, and conduct a study to convert an ambitious percentage ",Adaptation,Nature-Based Solutions,False
green_infrastructure_expansion → heat_and_stormwater_resilience,Budapest_Hungary,Aá-1 objective: Develop Budapest’s green-blue infrastructure to support adaptation (and co-benefits for mitigation).,Adaptation,Nature-Based Solutions,False
green_infrastructure_expansion → heat_and_stormwater_resilience,Colorado_Springs_CO_United_States,"Provide green infrastructure lands, facilities, and services tailored and aligned to the conditions and needs of all areas of the city.",Adaptation,Nature-Based Solutions,False
green_infrastructure_expansion → heat_and_stormwater_resilience,Brussles_Belgium,Implement the blue network to create permeable/infiltrating water surfaces linked to the green network; ensure cool/recreational water access within 10 minutes ,Adaptation,Adaptation,True
green_infrastructure_expansion → heat_and_stormwater_resilience,Miami_Dade_Florida_United_States,"Develop a mitigation policy, based on area impacted, to ensure County-approved development results in a net increase to green infrastructure by the development'",Adaptation,Mitigation,False
modal_shift_to_sustainable_transport → transport_emissions_reduction,Memphis_Tenesse_United_States,"Shift to low-carbon transportation modes and reduce reliance on motor vehicles through a package of priority actions (land use, complete streets, public transit",Mitigation,Mitigation,True
modal_shift_to_sustainable_transport → transport_emissions_reduction,Miami_Dade_County_FL_US,"Approach 4: Reduce transportation-related fuel consumption through mode shift, electrification, and operational emissions reductions at major facilities.",Mitigation,Mitigation,True
modal_shift_to_sustainable_transport → transport_emissions_reduction,Austin_Texas_United_States,"Create community mobility hubs, including park-and-ride facilities, adjacent to transit stops with first/last-mile options.",Mitigation,Mitigation,True
modal_shift_to_sustainable_transport → transport_emissions_reduction,Helsinki_Finland,Using sustainable means of transport (key actions related to modes of transport).,Mitigation,Mitigation,True
modal_shift_to_sustainable_transport → transport_emissions_reduction,Budapest_Hungary,Má-2 objective: Improve energy efficiency of transport infrastructure and support and develop environmentally friendly transport modes.,Mitigation,Mitigation,True
modal_shift_to_sustainable_transport → transport_emissions_reduction,Singapore,Achieve 75% use of public transport by 2030.,Mitigation,Mitigation,True
modal_shift_to_sustainable_transport → transport_emissions_reduction,Colorado_Springs_CO_United_States,Develop an inclusive and safe non-motorized system connecting the city and serving varied trail user needs.,Mitigation,Mitigation,True
modal_shift_to_sustainable_transport → transport_emissions_reduction,Los_Angeles_California_United_States,"Strategy 3 will reduce single-occupancy vehicle trips by developing transportation networks that increase the accessibility, comfort, and convenience of active ",Mitigation,Mitigation,True
natural_land_protection → ecosystem_and_carbon_preservation,Miami_Dade_County_FL_US,Double the total non-wetland acreage of natural habitat in preservation.,Nature-Based Solutions,Nature-Based Solutions,True
natural_land_protection → ecosystem_and_carbon_preservation,New_York_United_States,"LU1 protects forest lands to mitigate carbon emissions via legislation, enhanced land acquisition/easement programs, increased funding, and a statewide target t",Nature-Based Solutions,Mitigation,False
natural_land_protection → ecosystem_and_carbon_preservation,Austin_Texas_United_States,"Legally protect an additional 20,000 acres of carbon pools on natural lands and manage all new and existing natural areas (~70,000 acres total) for resilience b",Nature-Based Solutions,Nature-Based Solutions,True
natural_land_protection → ecosystem_and_carbon_preservation,Budapest_Hungary,"A18: Expand protected natural sites of local importance, examining extensions continuously, targeting growth from 861 ha (2019) to 1,200 ha by 2026 (and referen",Nature-Based Solutions,Nature-Based Solutions,True
natural_land_protection → ecosystem_and_carbon_preservation,Fiji,"Enhance protection of land and ocean carbon sinks, including halting/reversing deforestation, afforestation, REDD+, reef/fisheries conservation, mangrove protec",Nature-Based Solutions,Nature-Based Solutions,True
natural_land_protection → ecosystem_and_carbon_preservation,Colorado_Springs_CO_United_States,Educate citizens on development impacts on wildlife and encourage preservation of significant wildlife corridors and contiguous open lands through regulation.,Nature-Based Solutions,Nature-Based Solutions,True
natural_land_protection → ecosystem_and_carbon_preservation,Los_Angeles_California_United_States,"Measure A1 will conserve and restore carbon-sequestering wildlands and working lands by reducing natural land conversion, conserving/restoring forest lands, and",Nature-Based Solutions,Nature-Based Solutions,True
natural_land_protection → ecosystem_and_carbon_preservation,Tokyo_Japan,"TMG will enhance water conservation forests through thinning/pruning and deer damage measures, purchase devastated private forests and restore with local govern",Nature-Based Solutions,Nature-Based Solutions,True
organic_waste_composting → landfill_methane_avoidance_and_nutrient_recovery,Utah_United_States,Expand composting capability in the city to enable food waste diversion.,Mitigation,Resource Efficiency,False
organic_waste_composting → landfill_methane_avoidance_and_nutrient_recovery,Memphis_Tenesse_United_States,"By 2035, cut the portion of yard and wood waste in municipal solid waste destined for landfills in half relative to 2016, including implementing municipal curbs",Mitigation,Resource Efficiency,False
organic_waste_composting → landfill_methane_avoidance_and_nutrient_recovery,New_York_United_States,"W1 reduces organic waste disposal by expanding the Food Donation and Food Scraps Recycling Law, providing financial assistance and infrastructure support, expan",Mitigation,Mitigation,True
organic_waste_composting → landfill_methane_avoidance_and_nutrient_recovery,Austin_Texas_United_States,"Expand the use of compost generated by local composting programs, including providing free compost to farmers in carbon-related soil programs and requiring loca",Mitigation,Resource Efficiency,False
organic_waste_composting → landfill_methane_avoidance_and_nutrient_recovery,San_Francisco_California_United_States,Improve compliance with mandatory composting (Environment Code Chapter 19 and SB 1383) and optimize organics processing to increase compost quantity/quality for,Mitigation,Resource Efficiency,False
organic_waste_composting → landfill_methane_avoidance_and_nutrient_recovery,Chile,Contribution to Integration - Circular Economy N°2 (I2).,Mitigation,Resource Efficiency,False
organic_waste_composting → landfill_methane_avoidance_and_nutrient_recovery,Brussles_Belgium,"Zero waste and circular resource management strategy (2030 strategic objectives) covering waste reduction, reuse, recycling/sorting, and biowaste composting.",Mitigation,Resource Efficiency,False
organic_waste_composting → landfill_methane_avoidance_and_nutrient_recovery,Chicago_IL_US,Introduce community-wide organic waste collection and decomposition by 2025.,Mitigation,Resource Efficiency,False
park_system_expansion → heat_and_stormwater_resilience,Austin_Texas_United_States,"Increase community access to and positive perceptions of natural lands, including accessibility, safety, community ambassadors/hosts, inclusive signage, and ens",Adaptation,Nature-Based Solutions,False
park_system_expansion → heat_and_stormwater_resilience,Budapest_Hungary,"A2: Create new public-purpose green areas (parks, gardens, promenades) and improve quality; increase per-capita green area supply to 7 m²/person by 2030 and 9 m",Adaptation,Nature-Based Solutions,False
park_system_expansion → heat_and_stormwater_resilience,Colorado_Springs_CO_United_States,"Ensure adequate and sustainable funding for parks, recreation, urban forest, and open space assets.",Adaptation,Nature-Based Solutions,False
park_system_expansion → heat_and_stormwater_resilience,Las_Vegas_Nevada_United_States,Parks and Connectivity: implement park planning and access targets to improve quality of life.,Adaptation,Nature-Based Solutions,False
park_system_expansion → heat_and_stormwater_resilience,San_Francisco_California_United_States,"HE.3: Restore and enhance parks, natural lands, and large open spaces.",Adaptation,Nature-Based Solutions,False
park_system_expansion → heat_and_stormwater_resilience,Brussles_Belgium,Ensure every resident has access to a local green space or park within 10 minutes.,Adaptation,Nature-Based Solutions,False
park_system_expansion → heat_and_stormwater_resilience,Columbus_Ohio_United_States,"Increase equitable access to green space by tracking and expanding to 430 accessible green spaces by 2030, 500 by 2050, and ensuring access to green space withi",Adaptation,Nature-Based Solutions,False
park_system_expansion → heat_and_stormwater_resilience,Las_Vegas_Nevada_United_States,"Increase park acreage to 7 acres per 1,000 residents, specifically in noted areas of need.",Adaptation,Nature-Based Solutions,False
refrigerant_management → fugitive_emissions_reduction,New_York_United_States,B12. Advance a Managed and Just Transition from Reliance on Hydrofluorocarbon Use (strategy framework).,Mitigation,Mitigation,True
refrigerant_management → fugitive_emissions_reduction,Austin_Texas_United_States,Reduce community-wide greenhouse gas emissions from refrigerant leakage by 25% by 2030.,Mitigation,Mitigation,True
refrigerant_management → fugitive_emissions_reduction,Los_Angeles_California_United_States,"Measure E3 will implement other building decarbonization actions by increasing biomethane share in utility gas, using low/zero/negative-carbon concrete for all ",Mitigation,Mitigation,True
refrigerant_management → fugitive_emissions_reduction,San_Francisco_California_United_States,BO.4: Transition to low-global warming potential refrigerants.,Mitigation,Mitigation,True
refrigerant_management → fugitive_emissions_reduction,Perugia_Italy,Italy plans to reduce SF6 leakage from electrical equipment by 2010 through an agreement between manufacturers and the Ministry for the Environment (including u,Mitigation,Mitigation,True
refrigerant_management → fugitive_emissions_reduction,New_York_United_States,"Promulgate regulations for proper disposal of HFCs in existing equipment and support those regulations with training on handling, maintenance, and disposal prot",Mitigation,Mitigation,True
refrigerant_management → fugitive_emissions_reduction,New_York_United_States,Update relevant codes (including mechanical code) to allow low-GWP alternatives and promulgate DEC regulations requiring refrigerant reclamation/destruction at ,Mitigation,Mitigation,True
refrigerant_management → fugitive_emissions_reduction,New_York_United_States,Promulgate regulations requiring reclamation or destruction of refrigerants from appliances at end-of-life with verification and reporting; enact EPR legislatio,Mitigation,Mitigation,True
regenerative_agriculture → soil_carbon_and_ecosystem_restoration,New_York_United_States,"Expand cost-share eligibility for equipment needed to implement advanced soil health and nutrient management practices, emphasizing access for historically unre",Nature-Based Solutions,Resource Efficiency,False
regenerative_agriculture → soil_carbon_and_ecosystem_restoration,Austin_Texas_United_States,"Ensure all Austinites can access a community-driven food system that addresses food insecurity, prioritizes regenerative agriculture, supports dietary/health ag",Nature-Based Solutions,Mitigation,False
regenerative_agriculture → soil_carbon_and_ecosystem_restoration,San_Francisco_California_United_States,"By 2024, develop guidance for City food procurement aligned with Good Food Purchasing Program core values (including environmental sustainability and regenerati",Nature-Based Solutions,Nature-Based Solutions,True
regenerative_agriculture → soil_carbon_and_ecosystem_restoration,Portugal,"Apply soil conservation practices including afforestation with soil-improving species, incorporation of manures/compost and rotations with legumes/cover crops/b",Nature-Based Solutions,Nature-Based Solutions,True
regenerative_agriculture → soil_carbon_and_ecosystem_restoration,Brussles_Belgium,Set aside 10 new hectares for agro-ecological open-ground professional farming on city land/property and set up 4 pilot projects in city green spaces.,Nature-Based Solutions,Nature-Based Solutions,True
regenerative_agriculture → soil_carbon_and_ecosystem_restoration,New_York_United_States,"Expand education and technical assistance for beginning farmers and generational transfer, including business planning and modeling support.",Nature-Based Solutions,Adaptation,False
regenerative_agriculture → soil_carbon_and_ecosystem_restoration,Austin_Texas_United_States,"Provide farmers (prioritizing farmers of color) access to land and resources to start regenerative agriculture, including facilitating associations, mediating l",Nature-Based Solutions,Nature-Based Solutions,True
regenerative_agriculture → soil_carbon_and_ecosystem_restoration,New_York_United_States,AF11 promotes adoption of soil health practice systems (regenerative practices) to reduce net GHG emissions and increase carbon sequestration through combinatio,Nature-Based Solutions,Mitigation,False
renewable_energy_target → grid_decarbonization,Utah_United_States,Achieve 50% renewable electricity for government operations.,Mitigation,Mitigation,True
renewable_energy_target → grid_decarbonization,Memphis_Tenesse_United_States,"Transform the community energy supply through priority actions, including decarbonizing the electric grid with renewable energy.",Mitigation,Mitigation,True
renewable_energy_target → grid_decarbonization,Miami_Dade_County_FL_US,Maximize participation in utility-scale renewable energy programs.,Mitigation,Mitigation,True
renewable_energy_target → grid_decarbonization,New_York_United_States,"Determine potential GHG and co-pollutant reductions from fossil fuel generation by 2030 and set interim emissions reduction targets/timeline, with stakeholder i",Mitigation,Mitigation,True
renewable_energy_target → grid_decarbonization,Egypt,Objective (1.a): Energy transition by increasing the share of all renewable and alternative energy sources in the energy mix.,Mitigation,Mitigation,True
renewable_energy_target → grid_decarbonization,Hong_Kong_China,Parent strategy: Net-zero electricity generation (long-term target of net-zero carbon emissions in electricity generation before 2050) by increasing use of zero,Mitigation,Mitigation,True
renewable_energy_target → grid_decarbonization,Los_Angeles_California_United_States,"Strategy 1: Decarbonize the Energy Supply through measures including a sunset strategy for oil and gas operations, procuring zero-carbon electricity, increasing",Mitigation,Mitigation,True
renewable_energy_target → grid_decarbonization,San_Francisco_California_United_States,ES.1: Supply 100% renewable electricity to residents and businesses.,Mitigation,Mitigation,True
residential_building_retrofit → energy_use_reduction,Memphis_Tenesse_United_States,Expand weatherization/retrofit programs for low-income housing to increase the number of low-income residences served annually by 500% over 10 years and target ,Resource Efficiency,Resource Efficiency,True
residential_building_retrofit → energy_use_reduction,Miami_Dade_County_FL_US,"Retrofit 167,500 homes by 2030 to reduce energy costs 28%, prioritizing low- to moderate-income (LMI) homes.",Resource Efficiency,Resource Efficiency,True
residential_building_retrofit → energy_use_reduction,New_York_United_States,Provide technical support to reduce municipal/public-entity building and operations energy use and GHG emissions through aggressive energy efficiency measures (,Resource Efficiency,Mitigation,False
residential_building_retrofit → energy_use_reduction,Helsinki_Finland,Identify major sources of heat loss and heat recovery opportunities in City service buildings (especially sports halls and apartment buildings) and implement vi,Resource Efficiency,Resource Efficiency,True
residential_building_retrofit → energy_use_reduction,Budapest_Hungary,"M1: Refurbish and operate energy-consciously municipal buildings and facilities and those of public service providers, including planned refurbishments of multi",Resource Efficiency,Mitigation,False
residential_building_retrofit → energy_use_reduction,Stockholm_Sweden,Strive to reduce relative energy use in existing buildings and facilities by 10% during 2023–2026.,Resource Efficiency,Resource Efficiency,True
residential_building_retrofit → energy_use_reduction,Hiroshima_Japan,"For households, Hiroshima City sets KPIs including: newly-built ZEH share 50% by FY2020 and almost 100% by FY2030; low-carbon house share 50% by FY2020; househo",Resource Efficiency,Mitigation,False
residential_building_retrofit → energy_use_reduction,Los_Angeles_California_United_States,Develop a Countywide program to promote energy efficiency and resilience measures in facilities providing critical community services.,Resource Efficiency,Resource Efficiency,True
solar_pv_deployment → fossil_generation_displacement,Utah_United_States,Have at least 16 separate government properties that include renewable energy generation.,Mitigation,Mitigation,True
solar_pv_deployment → fossil_generation_displacement,Miami_Dade_County_FL_US,Approach 2: Expand on-site and off-site renewable energy generation in Miami-Dade County.,Mitigation,Mitigation,True
solar_pv_deployment → fossil_generation_displacement,New_York_United_States,"Install 6,000 MW of distributed solar by 2025.",Mitigation,Mitigation,True
solar_pv_deployment → fossil_generation_displacement,Helsinki_Finland,Investigate renewable energy use in City and subsidiary building stock to find cost-efficient targets (10–15 year payback) for local heat/electricity production,Mitigation,Mitigation,True
solar_pv_deployment → fossil_generation_displacement,Budapest_Hungary,"M4: Promote photovoltaic deployment in Budapest to reach a potential total installed solar capacity of about 1,500 MW by 2030, with an estimated CO2 savings pot",Mitigation,Mitigation,True
solar_pv_deployment → fossil_generation_displacement,Stockholm_Sweden,Install solar panels on existing and new City-managed buildings based on a cost-efficiency principle (2024–2030).,Mitigation,Mitigation,True
solar_pv_deployment → fossil_generation_displacement,Singapore,Singapore plans to raise solar power adoption to 350 MWp by 2020 (about 5% of peak electricity demand).,Mitigation,Mitigation,True
solar_pv_deployment → fossil_generation_displacement,Hong_Kong_China,"The Government will incorporate renewable energy technologies in all capital works projects, update the Green Government Buildings circular, and increase requir",Mitigation,Mitigation,True
sustainable_food_procurement_program → food_system_emissions_reduction,Austin_Texas_United_States,"Apply a purchasing framework and build a regional food system network to increase institutional and corporate procurement of pro-climate, pro-health food option",Mitigation,Mitigation,True
sustainable_food_procurement_program → food_system_emissions_reduction,Austin_Texas_United_States,"Implement community-driven programs to incentivize and promote affordable, culturally relevant pro-climate, pro-health food choices in prepared and retail optio",Mitigation,Mitigation,True
sustainable_food_procurement_program → food_system_emissions_reduction,Stockholm_Sweden,Implement and establish systematic work to reduce the climate impact of food and meals in City operations (2024–2026).,Mitigation,Mitigation,True
sustainable_food_procurement_program → food_system_emissions_reduction,San_Francisco_California_United_States,"By 2030, SF Unified School District will build on its GFPP resolution to procure food locally and from minority-owned businesses/farms, switch entrees to lower-",Mitigation,Mitigation,True
sustainable_food_procurement_program → food_system_emissions_reduction,Brussles_Belgium,"Ensure food served in city facilities meets Good Food criteria: meals served by Cuisines Bruxelloises are 100% organic; meat reduced to 60% (as stated), without",Mitigation,Mitigation,True
transit_oriented_development → transport_emissions_and_land_use_reduction,Memphis_Tenesse_United_States,Implement land use patterns that support active transportation and transit by implementing the Memphis 3.0 growth strategy and updating zoning/development codes,Mitigation,Mitigation,True
transit_oriented_development → transport_emissions_and_land_use_reduction,Austin_Texas_United_States,Locate 80% of new non-residential development within the city's Imagine Austin activity centers and corridors by 2030.,Mitigation,Mitigation,True
transit_oriented_development → transport_emissions_and_land_use_reduction,Los_Angeles_California_United_States,Strategy 2 will increase densities and diversity of land uses near transit to reduce vehicle miles traveled by coordinating land use development outcomes such a,Mitigation,Mitigation,True
transit_oriented_development → transport_emissions_and_land_use_reduction,San_Francisco_California_United_States,"TLU.6: Strengthen and reconnect communities by increasing density, diversity of land uses, and location efficiency.",Mitigation,Mitigation,True
transit_oriented_development → transport_emissions_and_land_use_reduction,Brussles_Belgium,Incorporate the 10-Minute City ambition into urban planning and development to improve quality of life by 2030.,Mitigation,Mitigation,True
transit_oriented_development → transport_emissions_and_land_use_reduction,Chicago_IL_US,Strategy 3.2 Increase transit performance and encourage equitable transit-oriented development (Pillar 3).,Mitigation,Mitigation,True
transit_oriented_development → transport_emissions_and_land_use_reduction,Columbus_Ohio_United_States,Increase development density by establishing vacant property redevelopment targets by 2025 and ensuring 40% of new housing is within 1/4 mile of employment cent,Mitigation,Mitigation,True
transit_oriented_development → transport_emissions_and_land_use_reduction,Seattle_WA_US,Develop a citywide transit communities strategy that integrates neighborhoods with high capacity transit.,Mitigation,Mitigation,True
transit_service_expansion → transport_emissions_reduction,Memphis_Tenesse_United_States,"Enhance public transit by fully implementing the Memphis 3.0 Transit Vision by 2022, increasing ridership/frequency to meet long-range objectives, and convertin",Mitigation,Mitigation,True
transit_service_expansion → transport_emissions_reduction,Miami_Dade_County_FL_US,Deploy premium public transit solutions along SMART Plan corridors to increase ridership and shift mode share away from single occupancy vehicles.,Mitigation,Mitigation,True
transit_service_expansion → transport_emissions_reduction,Austin_Texas_United_States,Work with the Austin Transit Partnership to implement Project Connect and expand and improve public transportation services.,Mitigation,Mitigation,True
transit_service_expansion → transport_emissions_reduction,Helsinki_Finland,"Implement the development programme for tram traffic in Helsinki and achieve objectives for tram speed, flow, reliability and disturbance levels.",Mitigation,Mitigation,True
transit_service_expansion → transport_emissions_reduction,Budapest_Hungary,"M8: Develop and modernize public transport and related systems to increase public transport modal share to 50% by 2030 (distance-based), including continued fle",Mitigation,Mitigation,True
transit_service_expansion → transport_emissions_reduction,Singapore,"Land Transport Master Plan: Singapore will expand rail network to 360 km by 2030 and add more than 120 trains, increasing total fleet size by more than 40%.",Mitigation,Mitigation,True
transit_service_expansion → transport_emissions_reduction,Los_Angeles_California_United_States,"Measure T4 will broaden options for transit and alternative modes by 2030 by doubling transit service hours, installing bus-only lanes and signal prioritization",Mitigation,Mitigation,True
transit_service_expansion → transport_emissions_reduction,San_Francisco_California_United_States,TLU.1: Build a fast and reliable transit system that will be everyone's preferred way to get around.,Mitigation,Mitigation,True
urban_tree_canopy_expansion → heat_mitigation_and_carbon_sequestration,Memphis_Tenesse_United_States,"Increase green infrastructure and community resilience through priority actions, including expanding the urban tree canopy and aligning mitigation and adaptatio",Nature-Based Solutions,Nature-Based Solutions,True
urban_tree_canopy_expansion → heat_mitigation_and_carbon_sequestration,Miami_Dade_County_FL_US,"Approach 5: Expand and protect green and blue spaces to increase carbon sequestration, reduce heat, and improve water quality.",Nature-Based Solutions,Nature-Based Solutions,True
urban_tree_canopy_expansion → heat_mitigation_and_carbon_sequestration,New_York_United_States,"Increase funding for Urban and Community Forestry Grants and other tree programs (Regenerate NY/ReLeaf Community Canopy) to support planning, planting, and main",Nature-Based Solutions,Nature-Based Solutions,True
urban_tree_canopy_expansion → heat_mitigation_and_carbon_sequestration,Austin_Texas_United_States,"Achieve at least 50% citywide tree canopy cover by 2050, focusing on increasing canopy cover equitably.",Nature-Based Solutions,Nature-Based Solutions,True
urban_tree_canopy_expansion → heat_mitigation_and_carbon_sequestration,Budapest_Hungary,"A4: Elaborate a 10-year rolling plan for planting trees in public spaces with annual timetables, technical preparation, and a communication protocol for tree fe",Nature-Based Solutions,Nature-Based Solutions,True
urban_tree_canopy_expansion → heat_mitigation_and_carbon_sequestration,Colorado_Springs_CO_United_States,Educate and encourage citizens to better care for street trees on private property.,Nature-Based Solutions,Nature-Based Solutions,True
urban_tree_canopy_expansion → heat_mitigation_and_carbon_sequestration,Las_Vegas_Nevada_United_States,Urban Forestry (green infrastructure for heat mitigation): take steps to reduce heat hazards with appropriate green infrastructure.,Nature-Based Solutions,Nature-Based Solutions,True
urban_tree_canopy_expansion → heat_mitigation_and_carbon_sequestration,Los_Angeles_California_United_States,"Measure A3 will expand the unincorporated County's tree canopy and green spaces by planting 130,000/200,000/270,000 total new trees by 2030/2035/2045 and develo",Nature-Based Solutions,Nature-Based Solutions,True
waste_diversion → landfill_methane_avoidance,Utah_United_States,"Implement and support investments in local and sustainable food initiatives through the Salt Lake City Food Policy Task Force programs, including Culinary Incub",Mitigation,Resource Efficiency,False
waste_diversion → landfill_methane_avoidance,Memphis_Tenesse_United_States,"Reduce waste and move toward a zero-waste future through priority actions focused on organic waste diversion, overall waste reduction, and inorganic materials d",Mitigation,Resource Efficiency,False
waste_diversion → landfill_methane_avoidance,Miami_Dade_County_FL_US,Increase recycling rates by 10% and cut non-recyclables contamination in half.,Mitigation,Resource Efficiency,False
waste_diversion → landfill_methane_avoidance,New_York_United_States,"W2 advances waste reduction, reuse, and recycling through legislation (fees, by-request-only, packaging reduction, deposits, right-to-repair), grants and suppor",Mitigation,Mitigation,True
waste_diversion → landfill_methane_avoidance,Austin_Texas_United_States,"Conduct a food waste root cause analysis and implement changes to increase food waste reduction practices by 50%, covering single-family, multifamily, and comme",Mitigation,Resource Efficiency,False
waste_diversion → landfill_methane_avoidance,Helsinki_Finland,"Reduce food waste in Service Centre, Palmia and other stakeholder operations through monitoring consumption, campaigns, process efficiency and rationalising pro",Mitigation,Resource Efficiency,False
waste_diversion → landfill_methane_avoidance,Stockholm_Sweden,"Commission the RUS (Resource Extraction Stockholm) facility in Högdalen for sorting food waste, plastic and metal (2024).",Mitigation,Resource Efficiency,False
waste_diversion → landfill_methane_avoidance,Singapore,NEA aims to increase Singapore’s overall recycling rate from 61% (2015) to 70% in 2030.,Mitigation,Resource Efficiency,False
waste_to_energy_conversion → landfill_methane_avoidance_and_energy_recovery,Miami_Dade_County_FL_US,"Approach 6: Convert waste to energy through cogeneration, waste-to-energy conversion, and improved recycling/contamination performance.",Mitigation,Resource Efficiency,False
waste_to_energy_conversion → landfill_methane_avoidance_and_energy_recovery,Miami_Dade_County_FL_US,Convert 50% of non-recycled garbage to energy by 2030.,Mitigation,Resource Efficiency,False
waste_to_energy_conversion → landfill_methane_avoidance_and_energy_recovery,Perugia_Italy,"Under the reference scenario, Italy will progressively phase out landfills and increase energy production from waste.",Mitigation,Resource Efficiency,False
waste_to_energy_conversion → landfill_methane_avoidance_and_energy_recovery,Miami_Dade_Florida_United_States,Approach 6: Convert waste to energy.,Mitigation,Mitigation,True
waste_to_energy_conversion → landfill_methane_avoidance_and_energy_recovery,Miami_Dade_Florida_United_States,Convert 50% of non-recycled garbage to energy by 2030.,Mitigation,Resource Efficiency,False
waste_to_energy_conversion → landfill_methane_avoidance_and_energy_recovery,Miami_Dade_Florida_United_States,"Build a new, more efficient electricity-from-waste facility with onsite solar, designed to charge electric vehicles in the County fleet.",Mitigation,Mitigation,True
water_efficiency_standards → per_capita_water_reduction,Miami_Dade_County_FL_US,Reduce water consumption per person by 30% by 2030.,Resource Efficiency,Resource Efficiency,True
water_efficiency_standards → per_capita_water_reduction,Austin_Texas_United_States,"Equitably achieve a community-wide water demand of approximately 152,000 acre-feet per year by 2030 by implementing strategies in the Water Forward Plan.",Resource Efficiency,Resource Efficiency,True
water_efficiency_standards → per_capita_water_reduction,Hong_Kong_China,WSD targets reducing average fresh water per capita consumption by 10% in 2030 (base year 2016) and containing fresh water demand at around 1 billion m³ per ann,Resource Efficiency,Resource Efficiency,True
water_efficiency_standards → per_capita_water_reduction,Los_Angeles_California_United_States,Measure E6 will reduce indoor and outdoor water consumption by setting per-capita water use targets and reducing outdoor landscaping and municipal water consump,Resource Efficiency,Resource Efficiency,True
water_efficiency_standards → per_capita_water_reduction,Portugal,NAP target: water efficiency in industrial consumption to reach 85% by 2020 and 90% by 2030.,Resource Efficiency,Resource Efficiency,True
water_efficiency_standards → per_capita_water_reduction,Bahrain,"Reduce per capita municipal water demand by 33% from 183 to 122 m3/person/year by 2035, with a policy start year of 2016, using demand-side management policies ",Resource Efficiency,Resource Efficiency,True
water_efficiency_standards → per_capita_water_reduction,Kuwait,Apply water conservation technologies as an adaptation option to reduce water consumption by 20% (project started in 2012 and ongoing).,Resource Efficiency,Adaptation,False
water_efficiency_standards → per_capita_water_reduction,Brussles_Belgium,"Towards satisfactory water management (2030 strategic objectives) covering water consumption reduction, flood risk reduction, blue network cooling/access to wat",Resource Efficiency,Resource Efficiency,True
