initiative_name,parent_statement,sector,num_sub_actions,coverage_score,coverage_assessment,coherence_score,coherence_assessment,aggregate_measurability,has_implementation_pathway,inherited_binding_mechanism,inherited_spatial_scope,weak_signals,strong_signals,initiative_result,confidence_score,initiative_reasoning,final_verdict,parent_row_type,parent_row_type_reasoning,sub_assessments,subs_strong,subs_moderate,subs_weak
4.1.1 Using sustainable means of transport,Using sustainable means of transport (key actions related to modes of transport).,Transport,9,0.8,"The sub-actions collectively cover the parent goal of “using sustainable means of transport” by addressing key modes and supporting elements: cycling infrastructure and services (Actions 2–4, 6, 9), walking safety/comfort (Action 5), public transport (Actions 7–8), and multimodal nodes/park-and-ride/wayfinding (Action 1). A remaining gap is the lack of explicit measures to reduce private car use directly (e.g., pricing/parking supply caps) within this initiative, though park-and-ride and transit/cycling investments indirectly support mode shift.",0.85,"The package is complementary and non-contradictory: it combines network completion deadlines (Actions 2–3) with maintenance/expansion (Action 4), service improvements (Actions 6–8), and enabling programs (Actions 1, 5, 9). Some actions overlap (multiple “implement programme” items) but they reinforce rather than duplicate each other, and the 2025/2030 cycling milestones are internally consistent.",No,Yes,No,No,"promoted, will be improved/developed, implement programme (without metrics), no stated deadlines for most sub-actions, headline 29 kt CO₂e lacks timeframe in text","network completion deadlines (by 2025; by 2030), implementation of named plans/programmes (HSL Solmu, park-and-ride plan, tram development programme), multi-modal package (walking + cycling + transit + nodes), headline 29 kt CO₂e impact stated",PARTIAL,0.66,"This initiative aims to shift mobility toward sustainable modes by improving interchange nodes and wayfinding, completing/expanding cycling networks, enhancing pedestrian safety, and improving tram and wider public transport service/coverage (with a stated overall impact of 29 kt CO₂e). Sub-action strength count: 0 strong, 7 moderate, 2 weak (pedestrian environment promotion is largely programmatic; all other non-deadline items lack measurable outcome metrics but are tangible interventions). The parent provides sector framing and an emissions-impact headline, but it does not specify a binding mechanism (ordinance/mandate) or a clear spatial scope statement beyond the Helsinki references embedded in some sub-actions, so weaker items are not “lifted” into enforceable commitments. Coverage is high because all major sustainable modes and key enablers are included; coherence is high because the actions form a plausible delivery chain (plans/programmes + infrastructure completion + service improvements). Applying the initiative soundness rule: it fails SOUND because there is no ‘strong’ sub-action and aggregate measurability is not clearly satisfied (only deadlines, few/no quantified outcomes). It meets PARTIAL because coverage_score >= 0.4, many sub-actions are concrete/moderate, and there are deadlines (2025, 2030) within the cluster. Therefore the verdict is to keep it as an actionable but not fully measurable initiative.",True,structural header,,"[{'action_label': 'Action 1: Improve services in traffic nodes; implement HSL Solmu + park-and-ride plans; increase wayfinding signposts/apps', 'has_quantifiable_target': 'No', 'has_timeline': 'No', 'is_concrete_action': 'Yes', 'strength': 'moderate'}, {'action_label': 'Action 2: Complete inner-city bicycle target network by 2025', 'has_quantifiable_target': 'No', 'has_timeline': 'Yes', 'is_concrete_action': 'Yes', 'strength': 'moderate'}, {'action_label': 'Action 3: Complete Baana bicycle network by 2030', 'has_quantifiable_target': 'No', 'has_timeline': 'Yes', 'is_concrete_action': 'Yes', 'strength': 'moderate'}, {'action_label': 'Action 4: Expand cycling lane network with high-level winter maintenance', 'has_quantifiable_target': 'No', 'has_timeline': 'No', 'is_concrete_action': 'Yes', 'strength': 'moderate'}, {'action_label': 'Action 5: Promote pleasant and safe pedestrian environment; implement traffic safety development programme', 'has_quantifiable_target': 'No', 'has_timeline': 'No', 'is_concrete_action': 'No', 'strength': 'weak'}, {'action_label': 'Action 6: Develop cycling services/communications; improve ability and capacity to carry bicycles on heavy rail', 'has_quantifiable_target': 'No', 'has_timeline': 'No', 'is_concrete_action': 'Yes', 'strength': 'moderate'}, {'action_label': 'Action 7: Implement tram development programme; achieve objectives for speed/flow/reliability/disturbance levels', 'has_quantifiable_target': 'No', 'has_timeline': 'No', 'is_concrete_action': 'Yes', 'strength': 'moderate'}, {'action_label': 'Action 8: Improve public transport service level and rail coverage via coordinated land use/investments and trunk network strengthening', 'has_quantifiable_target': 'No', 'has_timeline': 'No', 'is_concrete_action': 'Yes', 'strength': 'moderate'}, {'action_label': 'Action 9: Implement cycling promotion programme and bicycle parking development programme', 'has_quantifiable_target': 'No', 'has_timeline': 'No', 'is_concrete_action': 'Yes', 'strength': 'moderate'}]",0,8,1
4.1.2 Pricing of transport,"Pricing of transport (parking, public transport and vehicle traffic pricing system) (key actions related to pricing of transport).",Transport,4,0.65,"The sub-actions collectively address the parent goal of pricing transport via two main instruments: (1) preparing a vehicle traffic pricing system and (2) adjusting/expanding parking pricing and zones. However, the parent also mentions public transport pricing, and no sub-action addresses fares or ticketing; additionally, there are no quantified outcomes for emissions or pricing levels.",0.82,"The sub-actions are complementary and sit under a consistent theory of change: use pricing signals (road tolls and parking fees/zones) to reduce emissions and influence travel behavior. There is some redundancy among the parking-related actions (raising fees, scaling by emissions, expanding zones) but they are not contradictory and can be implemented together.",No,Yes,No,No,"additional surveys/prepare for trial (process-heavy), no explicit trial start date, no numeric targets for fee levels/increases, no quantified expansion scope, no public transport pricing action despite parent mention","Explicit time anchor (parking policy until 2021), concrete pricing instruments (raise/scaled parking fees, expand zones), stated condition on toll revenue allocation to transport development",PARTIAL,0.6,"This initiative aims to cut transport emissions by using pricing mechanisms—preparing a road toll/congestion tax trial and tightening parking pricing (higher fees, emissions-based scaling, and expanded fee zones). Across 4 sub-actions, 0 are strong, 3 are moderate (concrete actions but missing targets/timelines), and 1 is weak (survey/preparation without a deadline). The parent provides sector context and an indicative emissions figure (35 kt CO₂e) but does not establish a binding mechanism (e.g., ordinance/mandate) or explicit spatial scope, so weaker subs are not materially lifted by inheritance. Coverage is fairly good for parking and road pricing but misses the parent’s mention of public transport pricing and lacks quantified outcomes, keeping aggregate measurability low. Coherence is high because all measures are aligned pricing levers with no internal conflicts. Applying the initiative soundness rule: it fails SOUND because aggregate_measurability is 'No' and there is no 'strong' sub-action, but it qualifies as PARTIAL because coverage_score >= 0.4 and there are multiple concrete sub-actions plus at least one explicit deadline (until 2021).",True,structural header,"The parent text is presented as a section header with a brief descriptor (“Key actions related to the pricing of transport”) and an indicative emissions figure (35 kt CO₂e), functioning mainly to group the sub-actions rather than stating a standalone enforceable commitment.","[{'action_label': 'Action 1: Prepare for a trial of a vehicle traffic pricing system (road toll/congestion tax) via surveys and examine toll revenue allocation', 'has_quantifiable_target': 'No', 'has_timeline': 'No', 'is_concrete_action': 'No', 'strength': 'weak'}, {'action_label': 'Action 2: Continue current parking policy until 2021; raise parking fees thereafter (business impacts studied first)', 'has_quantifiable_target': 'No', 'has_timeline': 'Yes', 'is_concrete_action': 'Yes', 'strength': 'moderate'}, {'action_label': 'Action 3: Scale parking fees more heavily based on emissions and promote joint use of vehicles', 'has_quantifiable_target': 'No', 'has_timeline': 'No', 'is_concrete_action': 'Yes', 'strength': 'moderate'}, {'action_label': 'Action 4: Expand parking fee zones', 'has_quantifiable_target': 'No', 'has_timeline': 'No', 'is_concrete_action': 'Yes', 'strength': 'moderate'}]",0,3,1
4.1.3 The growing city structure,The growing city structure (key actions related to the growing city structure).,Transport,3,0.65,"The three sub-actions align with the parent theme of shaping a “growing city structure” to support sustainable mobility: they address public transport orientation, parking policy, and active travel-supportive urban form. However, the parent references a 7 kt CO2e context without specifying how these actions will achieve or be measured against that impact, leaving a gap in explicit performance coverage.",0.85,"The sub-actions are complementary and mutually reinforcing: land-use/community structure supports transit use, parking norms can curb car dependency, and block/area design can prioritize walking and cycling. There is no contradiction, but the cluster lacks sequencing detail (e.g., when parking norms update occurs relative to new-area design).",No,Yes,No,No,"no deadlines/years, no explicit numeric outcome targets, promote/encourage language","parking norms will be updated (a concrete policy deliverable), land use planning lever identified",PARTIAL,0.6,"This initiative aims to shape urban growth and land-use decisions to shift travel toward public transport and active modes, reducing transport emissions (noted as 7 kt CO2e context). Across the three sub-actions, 0 are strong, 1 is moderate (updating parking norms), and 2 are weak (promote/encourage without deliverables, targets, or timelines). The parent provides sector framing and an emissions context figure but does not provide a binding mechanism (e.g., ordinance/mandate) or an explicit spatial scope (e.g., citywide), so it does not materially strengthen the weaker subs. Coverage is reasonably good for the stated theme (transit-supportive structure + parking policy + walk/bike-oriented blocks), but measurability is poor because there are no deadlines or quantified outcomes to track progress. Coherence is high because the actions are complementary planning levers. Applying the initiative soundness rule: it fails SOUND due to aggregate_measurability = 'No' and no strong sub-actions, but qualifies as PARTIAL because coverage_score >= 0.4, at least one sub-action is strong/moderate, and the cluster is not purely aspirational given the concrete commitment to update parking norms.",True,structural header,"The parent text functions as a section header and grouping device (“Key actions related to the growing city structure”) rather than a standalone commitment with its own defined instrument, timeline, or requirements.","[{'action_label': ""Action 1: Promote public transport and other sustainable travel by complementing the city's community structure."", 'has_quantifiable_target': 'No', 'has_timeline': 'No', 'is_concrete_action': 'No', 'strength': 'weak'}, {'action_label': 'Action 2: Update parking norms to better support sustainable transport in new areas and complementary construction of existing areas.', 'has_quantifiable_target': 'No', 'has_timeline': 'No', 'is_concrete_action': 'Yes', 'strength': 'moderate'}, {'action_label': 'Action 3: Encourage creation of blocks and areas focusing on bicycle and pedestrian traffic through land use planning.', 'has_quantifiable_target': 'No', 'has_timeline': 'No', 'is_concrete_action': 'No', 'strength': 'weak'}]",0,1,2
4.1.4 Changes in vehicle technology,Changes in vehicle technology (key actions related to the changes in vehicle technology).,Transport,7,0.72,"The sub-actions collectively address multiple levers for vehicle-technology change: regulation (environmental zone), enabling infrastructure (charging), and demand-side pull via procurement/competitive bidding, including concrete public transport fleet targets. Gaps remain around quantified outcomes for several components (e.g., number/coverage of chargers, specific criteria thresholds for delivery fleets, and how logistics incentives translate into adoption).",0.8,"The package is internally consistent: environmental zone development, charging availability, and procurement rules reinforce each other and align with the bus electrification/biofuel targets. There are no obvious contradictions; some actions are broad (""develop and tighten criteria"", ""active role"") and could overlap, but they mainly operate in distinct channels (private cars, city procurement, logistics, transit).",Yes,Yes,No,No,"research, will be researched, develop and tighten criteria (no thresholds), expand charging infrastructure (no quantity), active role (not defined)","CO2-based environmental zone timeline (2017–2021 assessments; 2021–2025 readiness), time span until 2035 for EV charging enabling, Stara/HKL fleets only biofuels or renewable electricity by 2020, HSL targets (10% electric buses by 2022; 30% by 2025; 90% biofuels by 2020)",SOUND,0.76,"1) The initiative aims to cut transport emissions by accelerating cleaner vehicle technologies through a CO2-based environmental zone, expanded EV/bus charging, stricter procurement and competitive bidding criteria, and concrete fleet-transition targets (City fleets and HSL buses). 2) Strength mix: 2 strong (Actions 4, 6), 4 moderate (Actions 1, 2, 3, 7), 1 weak (Action 5). 3) The parent provides thematic framing and an indicative emissions impact (126 kt CO2e) but does not clearly state a binding legal mechanism or explicit spatial scope that would elevate weaker subs; however, several subs are still implementable as City procurement and program actions. 4) Coverage is strong (0.72) because it spans regulation, infrastructure, procurement, and transit fleets; it is not perfect due to missing quantified infrastructure/criteria details. Coherence is high (0.80) because actions are complementary and non-contradictory. 5) SOUNDNESS RULE: coverage_score>=0.6 and coherence_score>=0.5 are met; aggregate_measurability is 'Yes' due to multiple explicit numeric/time targets; at least half of sub-actions are strong/moderate (6/7) and at least one is strong (2). Therefore the initiative is SOUND and worth keeping.",True,structural header,The parent text functions as a section header: it labels the initiative (“Changes in vehicle technology”) and provides an indicative impact figure (126 kt CO₂e) but does not itself state a standalone commitment or instrument; the actionable commitments appear in the numbered sub-actions.,"[{'action_label': 'Action 1: Develop CO2-based environmental zone (assess 2017–2021; ready 2021–2025)', 'has_quantifiable_target': 'No', 'has_timeline': 'Yes', 'is_concrete_action': 'Yes', 'strength': 'moderate'}, {'action_label': 'Action 2: Enable market-based public EV charging (until 2035)', 'has_quantifiable_target': 'No', 'has_timeline': 'Yes', 'is_concrete_action': 'Yes', 'strength': 'moderate'}, {'action_label': 'Action 3: Tighten environmental criteria in competitive bidding; monitor; research bonus system', 'has_quantifiable_target': 'No', 'has_timeline': 'No', 'is_concrete_action': 'Yes', 'strength': 'moderate'}, {'action_label': 'Action 4: Apply criteria to City vehicle procurement/leasing; Stara & HKL only biofuels/renewable electricity by 2020', 'has_quantifiable_target': 'Yes', 'has_timeline': 'Yes', 'is_concrete_action': 'Yes', 'strength': 'strong'}, {'action_label': 'Action 5: Develop logistics incentives; research delivery parking ID with emissions pricing; expand loading/unloading points', 'has_quantifiable_target': 'No', 'has_timeline': 'No', 'is_concrete_action': 'No', 'strength': 'weak'}, {'action_label': 'Action 6: HSL bus targets (10% electric by 2022; 30% by 2025; 90% biofuels by 2020)', 'has_quantifiable_target': 'Yes', 'has_timeline': 'Yes', 'is_concrete_action': 'Yes', 'strength': 'strong'}, {'action_label': 'Action 7: Expand charging infrastructure for buses via competitive bidding programme', 'has_quantifiable_target': 'No', 'has_timeline': 'No', 'is_concrete_action': 'Yes', 'strength': 'moderate'}]",2,4,1
4.1.5 Reducing the emissions from the harbours,Reducing the emissions from the harbours (key actions related to reducing the emissions from the Port operations).,Transport,2,0.7,"The sub-actions address the parent goal of reducing harbour/port-operation emissions by targeting key levers: electrification at berth (shore power), cleaner port machinery/vehicles, alternative fuel bunkering, and incentives for cleaner vessels. The West Harbour traffic measure plausibly reduces congestion/idling emissions, but the initiative lacks explicit quantified coverage of how much of the 27 kt CO₂e will be reduced and by when beyond the 2035 neutrality goal.",0.8,"The sub-actions are complementary: Action 1 sets an overarching decarbonization plan and enabling measures within port operations, while Action 2 addresses landside traffic flow linked to harbour activity. There is no apparent contradiction, though Action 2 is underspecified compared with the structured Action 1 plan.",Yes,Yes,No,Yes,"Action 2 has no deadline or measurable outcome, Action 1 lists action types without quantified outputs (e.g., number of shore power connections, % fleet upgraded, volumes of low-emission fuels)","Carbon-neutral Port by 2035 target, energy reviews every four years, shore power expansion, environmental criteria for machinery/vehicles, enabling low-emission fuel bunkering, incentives via discounted port taxes",SOUND,0.72,"This initiative is trying to cut emissions from Port of Helsinki operations (noted as 27 kt CO₂e) via a structured decarbonization plan (carbon-neutral by 2035) plus an operational traffic-flow improvement at West Harbour. Strength mix: 1 strong (Action 1) and 1 moderate (Action 2). The parent provides clear institutional/spatial scope (Port operations/harbours) but does not specify an enforceable legal mechanism (so no inherited binding mechanism). Coverage is strong because the measures hit major sources (berth electricity, port equipment, fuel availability, vessel incentives, and landside traffic), though it would be stronger with quantified interim targets tied to the 27 kt baseline. Coherence is high because planning/enablers (Action 1) logically support implementation, and traffic smoothing (Action 2) complements operational emission reductions. Applying the initiative soundness rule: coverage_score (0.7) and coherence_score (0.8) meet thresholds; aggregate_measurability is Yes due to the explicit 2035 neutrality goal and a recurring review cycle; at least half of sub-actions are strong/moderate (2/2) and at least one is strong (Action 1). Therefore the initiative is SOUND and is worth keeping; confidence is moderate-high given limited quantification for Action 2 and for specific outputs under Action 1.",True,standalone parent policy,"The parent header states a substantive aim—""Reducing the emissions from the harbours""—and frames it as actions related to reducing emissions from Port operations (with an emissions magnitude cited), rather than being a purely organizational label.","[{'action_label': 'Action 1: Carbon-neutral Port by 2035 Action Plan (shore power, fleet criteria, low-emission fuels, incentives, energy reviews)', 'has_quantifiable_target': 'Yes', 'has_timeline': 'Yes', 'is_concrete_action': 'Yes', 'strength': 'strong'}, {'action_label': 'Action 2: Smooth West Harbour traffic between the Harbour and Länsiväylä', 'has_quantifiable_target': 'No', 'has_timeline': 'No', 'is_concrete_action': 'Yes', 'strength': 'moderate'}]",1,1,0
4.1.6 New mobility services and steering of mobility,New mobility services and steering of mobility (key actions related to new mobility services and the steering of mobility).,Transport,5,0.55,"The sub-actions generally align with the parent theme of enabling new mobility services and steering mobility (testing platform, open data and ride-sharing considerations, an updated smart transport plan, communications, and organisational mobility planning). However, the cluster does not specify what concrete mobility outcomes are to be achieved (e.g., uptake, coverage, reduced VKT, or emissions reductions), so it only partially covers the parent’s implied mitigation intent (notably the “11 kt CO₂e” reference).",0.75,"The sub-actions are complementary: pilots/testing and data enable services; analysis of ride-sharing and City-paid rides explores deployment models; an updated action plan provides strategic framing; campaigns support behaviour change; and organisational mobility plans target internal implementation. There are no apparent contradictions, but several items overlap in being exploratory (“examining”) without a clear sequence to implementation.",No,Yes,No,No,"no deadlines/years, no numeric outcome targets, repeated 'examining', campaign/communicate, prepare plan (process-heavy)","mentions implementation of mobility plans, collaboration with HSL and entrepreneurs, initiative-level reference to 11 kt CO₂e",WEAK,0.6,"This initiative aims to enable and steer new mobility services (smart mobility pilots, open data, ride-sharing approaches), update strategic planning (Smart Transport action plan), promote sustainable transport via communications, and implement mobility plans within the City organisation and partners. All 5 sub-actions are assessed as weak: two include some concrete deliverables (preparing an action plan; implementing mobility plans) but none include explicit timelines or quantifiable outcome targets, and most are exploratory or promotional. The parent header provides sector framing and an emissions figure (11 kt CO₂e) but does not supply a binding mechanism, spatial scope, or timeframe that could be inherited to strengthen the sub-actions. Coverage is partial because the actions relate to the theme but do not define measurable mobility/emissions outcomes; coherence is relatively high because the elements are complementary. Applying the initiative soundness rule: it fails SOUND due to aggregate_measurability = 'No' and zero strong/moderate sub-actions; it also fails PARTIAL because there is no measurable target or deadline anywhere in the cluster. Therefore the initiative result is WEAK and is not worth keeping as an actionable, trackable plan without added targets and timelines.",False,structural header,"The parent text functions as a section header: it labels the initiative (“Key actions related to…”) and provides a contextual emissions figure (11 kt CO₂e) but does not itself state an enforceable commitment, target, or deadline.","[{'action_label': 'Action 1: Act as a testing platform for smart mobility services and adopt more functional solutions.', 'has_quantifiable_target': 'No', 'has_timeline': 'No', 'is_concrete_action': 'No', 'strength': 'weak'}, {'action_label': 'Action 2: Support introduction of different mobility services (open data, ride-sharing allocation, additional measures, City-paid rides).', 'has_quantifiable_target': 'No', 'has_timeline': 'No', 'is_concrete_action': 'No', 'strength': 'weak'}, {'action_label': 'Action 3: Prepare the Smart Transport in Helsinki Action Plan (update to 2013 plan).', 'has_quantifiable_target': 'No', 'has_timeline': 'No', 'is_concrete_action': 'Yes', 'strength': 'weak'}, {'action_label': 'Action 4: Campaign and communicate to promote sustainable means of transport.', 'has_quantifiable_target': 'No', 'has_timeline': 'No', 'is_concrete_action': 'No', 'strength': 'weak'}, {'action_label': 'Action 5: Implement mobility plans and smart transport plans for City entities; survey company needs/opportunities with HSL/entrepreneurs.', 'has_quantifiable_target': 'No', 'has_timeline': 'No', 'is_concrete_action': 'Yes', 'strength': 'weak'}]",0,0,5
4.2.1 Residential and service buildings and outdoor lighting owned by the City,Residential and service buildings and outdoor lighting owned by the City (key actions related to the service buildings of the City).,Buildings,13,0.75,"The sub-actions broadly cover the parent’s scope of City-owned/service buildings by addressing audits and implementation (31–32), operational incentives (33), system-wide monitoring (34), flexibility measures (35–36), renewables planning (37), and procurement/lifecycle-carbon practices for construction and maintenance (38–43). A key gap is the absence of explicit, numeric energy/CO2 outcomes for the building stock or renewables uptake, which makes it hard to judge whether the actions are sufficient to meet any specific performance goal.",0.8,"The package is logically structured: it moves from identifying opportunities (audits/heat loss), to enabling measurement (monitoring), to implementing operational measures (demand response/storage), and to embedding requirements in procurement and project governance (criteria, policies, lifecycle tools, energy-plus pilots). There is some repetition in “develop methods/criteria/tools/plans” across several subs, but no direct contradictions.",No,Yes,No,Yes,"examine, identify, attempt to develop a method, will be developed, will be examined, objectives will be set, prepare a plan/programme, constantly develop criteria, no numeric energy/CO2 targets, timelines provided for only 2 sub-actions","Implement viable projects, connect all City-owned/service properties to monitoring system, pilot demand response, set policies/procedures, lifecycle emissions minimised with procurement criteria and pilots, energy-plus construction pilot, explicit time spans (2018; 2018–2019)",PARTIAL,0.6,"1) The initiative aims to improve energy efficiency and reduce emissions in City-owned/service buildings and related projects through audits-to-implementation actions, monitoring, flexibility (demand response/storage), renewables programming, procurement reform, and lifecycle-carbon tools and pilots. 2) Strength mix across 13 sub-actions: strong = 0, moderate = 5 (Actions 2, 4, 5, 12, 13), weak = 8 (Actions 1, 3, 6–11). 3) The parent establishes clear institutional/spatial scope (City-owned or City-service properties) but does not state an enforceable binding mechanism (e.g., ordinance/mandate) or any overarching quantified targets; therefore it only partially lifts weaker subs. 4) Coverage is fairly high because the subs collectively touch most levers (operations, monitoring, procurement, project governance, pilots), but coherence is driven by many enabling steps and pilots rather than a quantified performance pathway. 5) Applying the initiative soundness rule: it fails SOUND because aggregate_measurability is 'No' and there is no 'strong' sub-action; it meets PARTIAL because coverage_score >= 0.4 and there are several concrete moderate actions plus explicit deadlines in the cluster (2018; 2018–2019), indicating it is not purely aspirational. Final verdict is True because the result is PARTIAL and confidence_score (0.6) >= 0.55.",True,structural header,"The parent text functions mainly as a section header—“4.2.1 Residential and service buildings and outdoor lighting owned by the City” and “Key actions related to the service buildings of the City”—and does not itself state a standalone, measurable commitment beyond introducing the grouped sub-actions.","[{'action_label': 'Action 1: Examine implementation status of recent energy survey actions; improve documentation.', 'has_quantifiable_target': 'No', 'has_timeline': 'No', 'is_concrete_action': 'No', 'strength': 'weak'}, {'action_label': 'Action 2: Identify heat-loss/heat-recovery opportunities and implement viable projects.', 'has_quantifiable_target': 'No', 'has_timeline': 'No', 'is_concrete_action': 'Yes', 'strength': 'moderate'}, {'action_label': 'Action 3: Allocate energy cost/savings impacts; develop an encouraging method for conservation.', 'has_quantifiable_target': 'No', 'has_timeline': 'No', 'is_concrete_action': 'No', 'strength': 'weak'}, {'action_label': 'Action 4: Develop energy-efficiency monitoring; connect all City-owned/service properties to the system.', 'has_quantifiable_target': 'Yes', 'has_timeline': 'No', 'is_concrete_action': 'Yes', 'strength': 'moderate'}, {'action_label': 'Action 5: Pilot electricity/heating demand response; create an adoption extent and schedule plan.', 'has_quantifiable_target': 'No', 'has_timeline': 'No', 'is_concrete_action': 'Yes', 'strength': 'moderate'}, {'action_label': 'Action 6: Examine energy storage opportunities; set objectives; prepare an operating plan.', 'has_quantifiable_target': 'No', 'has_timeline': 'No', 'is_concrete_action': 'No', 'strength': 'weak'}, {'action_label': 'Action 7: Prepare a target programme for renewables in City projects/buildings; monitor progress.', 'has_quantifiable_target': 'No', 'has_timeline': 'No', 'is_concrete_action': 'No', 'strength': 'weak'}, {'action_label': 'Action 8: Continuously develop procurement criteria/methods reflecting ambitious energy & lifecycle CO2 goals.', 'has_quantifiable_target': 'No', 'has_timeline': 'No', 'is_concrete_action': 'No', 'strength': 'weak'}, {'action_label': 'Action 9: Strengthen commitment/competence of construction/maintenance actors (2018–2019).', 'has_quantifiable_target': 'No', 'has_timeline': 'Yes', 'is_concrete_action': 'No', 'strength': 'weak'}, {'action_label': 'Action 10: Set policies/objectives/procedures for facility projects with conflicting interests.', 'has_quantifiable_target': 'No', 'has_timeline': 'No', 'is_concrete_action': 'No', 'strength': 'weak'}, {'action_label': 'Action 11: Develop planning/cost calculations to avoid max-price barriers (2018).', 'has_quantifiable_target': 'No', 'has_timeline': 'Yes', 'is_concrete_action': 'No', 'strength': 'weak'}, {'action_label': 'Action 12: Minimise lifecycle emissions via tools/reporting/objectives/procurement criteria and pilots.', 'has_quantifiable_target': 'No', 'has_timeline': 'No', 'is_concrete_action': 'Yes', 'strength': 'moderate'}, {'action_label': 'Action 13: Pilot energy-plus construction; assess costs/challenges; plan gradual adoption.', 'has_quantifiable_target': 'No', 'has_timeline': 'No', 'is_concrete_action': 'Yes', 'strength': 'moderate'}]",0,5,8
Circular economy in construction projects,Circular economy in construction projects (key actions related to circular economy in construction projects).,Buildings,3,0.65,"The sub-actions broadly align with the parent theme of circular economy in construction by addressing recycled material uptake, reuse of excavated/demolition materials in groundwork, and (adjacent) cleaner construction-site practices via criteria and documentation. However, the initiative does not set quantitative circularity outcomes (e.g., % recycled content, tonnes of landmass reused, or procurement thresholds), so it only partially covers a trackable circular-economy objective.",0.78,"The three sub-actions are complementary: identifying barriers and preparing instructions (Action 1) supports adoption, Action 2 operationalizes a specific reuse stream with an existing action plan and tool, and Action 3 adds procurement/criteria mechanisms via pilots and documentation. There is no obvious redundancy or contradiction, though Action 3 (emission-free sites) is slightly adjacent to circularity rather than strictly material-circularity.",No,Yes,No,Yes,"No numeric outcome targets (no %/tonnes/sites), prepare actions/instructions (process-only), steering language without requirement","2018–2021 action plan will be put into practice, pilot then adopt model/criteria for all sites, criteria included in environmental documentation, City participates in development/adoption of SeutuMaisa GIS tool",PARTIAL,0.6,"1) Aim: advance circular economy in construction through higher recycled material use, reuse of excavated/demolition materials in groundwork, and adoption of emission-free site criteria/models in City projects (and encouraging others). 2) Strength mix: 0 strong, 2 moderate (Actions 2–3), 1 weak (Action 1). 3) Parent context: the parent is a header that provides sector/theme grouping but does not add a binding mechanism; it does imply Citywide institutional scope for City actions. 4) Coverage/coherence: coverage is decent because the subs address key levers (guidance, implementation of a reuse plan/tool, procurement-style criteria) and are mutually reinforcing; coherence is high with a plausible sequence from preparation to implementation to standard-setting, with only minor thematic drift toward emissions in Action 3. 5) Rule application: not SOUND because aggregate_measurability is 'No' and there are no 'strong' sub-actions; it qualifies as PARTIAL because coverage_score >= 0.4 and there is at least one deadline (2018–2021) and multiple concrete deliverables, so it is not purely aspirational. Verdict follows from PARTIAL with confidence 0.6.",True,structural header,"The parent text is a section heading—“Key actions related to circular economy in construction projects”—that organizes the sub-actions rather than stating a standalone, enforceable commitment or target.","[{'action_label': 'Action 1: Prepare actions and instructions to increase use of recycled materials by identifying obstacles and opportunities', 'has_quantifiable_target': 'No', 'has_timeline': 'No', 'is_concrete_action': 'No', 'strength': 'weak'}, {'action_label': 'Action 2: Implement 2018–2021 action plan for using excavated earth/rock/demolition materials and participate in SeutuMaisa tool', 'has_quantifiable_target': 'No', 'has_timeline': 'Yes', 'is_concrete_action': 'Yes', 'strength': 'moderate'}, {'action_label': 'Action 3: Pilot emission-free construction sites; adopt criteria/model; include in environmental documentation; steer other builders', 'has_quantifiable_target': 'No', 'has_timeline': 'No', 'is_concrete_action': 'Yes', 'strength': 'moderate'}]",0,2,1
City-owned residential buildings,Key actions related to City-owned residential buildings.,Buildings,7,0.72,"The sub-actions collectively address energy efficiency improvements and renewable/low-carbon heating options across City-owned (and subsidiary) residential building stock, matching the parent’s intent of “key actions” for this asset class. A gap is the lack of explicit outcomes (e.g., kWh/m² reduction, number of retrofits, renewable capacity) and limited explicit timelines beyond the 2018 planning milestone.",0.82,"The set is complementary: it combines specific technical measures (heat recovery, automation upgrades), enabling work (investigations, guidelines), and delivery scaffolding (long-term maintenance planning with annual monitoring). There is some redundancy between the general “seek energy efficiency” renovation item and the guidelines/planning items, but no contradictions.",No,Yes,No,Yes,"no quantified energy/emissions outcomes, few explicit deadlines (only end of 2018 planning), investigate/prepare guidelines language, reliance on payback/lifecycle viability rather than performance targets","concrete retrofit measures (heat recovery, EAHP), building automation upgrades, annual monitoring mentioned, geothermal/marine heating pilot, explicit end-2018 planning deadline, defined economic screens (payback under 15 years; 10–15 years)",PARTIAL,0.6,"This initiative aims to reduce energy use and enable lower-carbon heating in City-owned residential buildings through renovations, heat recovery/EAHP deployment, automation upgrades, and pilots/investigations into renewables and geothermal/marine heating, supported by maintenance planning and guidelines. Sub-action strength mix: 0 strong, 5 moderate (Actions 1, 2, 3, 4, 6), and 2 weak (Actions 5, 7), mainly because outcome targets and timelines are largely absent. The parent provides a clear institutional scope (City-owned residential buildings) but does not state an enforceable binding mechanism (e.g., ordinance/mandate), so weaker enabling items are not “lifted” by regulatory context. Coverage is good because the subs touch multiple levers (retrofit measures, controls/automation, renewable supply options, planning/guidance), but measurability is insufficient at the cluster level since there are no explicit performance metrics, and only one clear deadline (plan by end of 2018). Applying the initiative soundness rule: it fails SOUND due to aggregate_measurability = 'No' and no 'strong' sub-actions, but qualifies as PARTIAL because coverage_score >= 0.4 and the cluster is not purely aspirational (it includes concrete implementations and a dated planning commitment).",True,structural header,The parent text is a section header (“Key actions related to City-owned residential buildings”) that organizes the sub-actions but does not itself state a standalone commitment with targets or timelines.,"[{'action_label': 'Action 1: Implement heat recovery (exhaust air/sewage) and EAHP where viable (payback <15 years)', 'has_quantifiable_target': 'No', 'has_timeline': 'No', 'is_concrete_action': 'Yes', 'strength': 'moderate'}, {'action_label': 'Action 2: Pursue high energy efficiency in City-owned housing renovations; implement measures where lifecycle-viable', 'has_quantifiable_target': 'No', 'has_timeline': 'No', 'is_concrete_action': 'Yes', 'strength': 'moderate'}, {'action_label': 'Action 3: Plan and implement renovations/EE per long-term maintenance plans; plan finished end of 2018; annual monitoring', 'has_quantifiable_target': 'No', 'has_timeline': 'Yes', 'is_concrete_action': 'Yes', 'strength': 'moderate'}, {'action_label': 'Action 4: Upgrade Heka automation systems; enable remote water-consumption reading with HSY', 'has_quantifiable_target': 'No', 'has_timeline': 'No', 'is_concrete_action': 'Yes', 'strength': 'moderate'}, {'action_label': 'Action 5: Investigate renewable energy in City/subsidiary stock; identify cost-efficient targets (10–15 year payback); prepare scheduled plan', 'has_quantifiable_target': 'No', 'has_timeline': 'No', 'is_concrete_action': 'No', 'strength': 'weak'}, {'action_label': 'Action 6: Pilot geothermal/marine heating in Heka buildings and expand based on experience', 'has_quantifiable_target': 'No', 'has_timeline': 'No', 'is_concrete_action': 'Yes', 'strength': 'moderate'}, {'action_label': 'Action 7: Prepare renovation guidelines and technical concepts incl. energy target level/E-value, renewables, heat recovery; consider demolition in some cases', 'has_quantifiable_target': 'No', 'has_timeline': 'No', 'is_concrete_action': 'No', 'strength': 'weak'}]",0,5,2
Outdoor lighting,Key actions related to outdoor lighting.,Buildings,1,0.6,"The sole sub-action directly matches the parent header’s topic (outdoor lighting) by committing to upgrade street lighting to LED and add smart controls. However, the parent is broad (“key actions”) and the initiative does not cover other outdoor lighting categories (e.g., parks/facilities, private/site lighting) or specify extent of upgrades.",0.9,"With only one sub-action, the initiative is internally consistent and non-redundant. There are no sequencing or overlap issues, but also no broader structure beyond the single commitment.",No,No,No,No,"no numeric target, no deadline/year, 'according to plan' unspecified","upgrade street lighting to LED, use smart lighting control",WEAK,0.6,"This initiative aims to reduce energy use/emissions from outdoor lighting by upgrading street lights to LED and deploying smart lighting controls. Sub-action strength count: 0 strong, 0 moderate, 1 weak—because it is concrete but lacks both a quantifiable outcome and an explicit timeline. The parent provides no binding mechanism (e.g., ordinance/mandate) and no explicit scope (e.g., citywide/systemwide), so there is little inherited context to strengthen the sub-action. Coverage is fair for the narrow topic of street lighting but incomplete relative to the broader notion of ‘outdoor lighting’ and provides no scale of implementation; coherence is high since it is a single aligned action. Applying the initiative soundness rule: it fails aggregate measurability and has no strong sub-actions, so the initiative result is WEAK.",False,structural header,"The parent text is only a section header (“Key actions related to outdoor lighting”) and does not itself state an enforceable or standalone commitment, target, or timeline.","[{'action_label': 'Action 1: Upgrade street lighting to LED light sources according to plan and use smart lighting control.', 'has_quantifiable_target': 'No', 'has_timeline': 'No', 'is_concrete_action': 'Yes', 'strength': 'weak'}]",0,0,1
4.2.2 Energy-efficient land use and city structure – Detailed planning,Key actions related to detailed planning.,Buildings,4,0.75,"The sub-actions consistently address the parent goal of “key actions related to detailed planning,” covering renewables enablement, higher construction energy efficiency, behavior-influencing design choices, and regulatory updates. A major gap is the absence of specified performance levels, adoption rates, or implementation deadlines that would make the planning actions trackable as climate outcomes.",0.85,"The sub-actions are complementary: they use detailed planning to (1) enable renewables and pilots with monitoring, (2) set regional principles to exceed national energy-efficiency levels, (3) steer design features affecting energy-use habits, and (4) update land-use regulations to institutionalize these methods. There are no evident contradictions; the main issue is that they remain high-level and process-oriented without measurable endpoints.",No,Yes,No,No,"no numeric targets, no deadlines/years, largely enabling language ('will be used', 'facilitate', 'prepared', 'developing regulations'), outcomes not specified beyond general intent","pilot development projects with impacts assessed and monitored, preparation of regional planning principles, regulation collection to include renewables/energy-efficiency-related regulations",WEAK,0.7,"1) Aim: use detailed planning and land-use regulation to promote renewable energy (incl. wind siting), push construction energy efficiency beyond national level, shape design to influence energy-use habits, and expand carbon-neutral planning methods. 2) Sub-action strength mix: 0 strong, 0 moderate, 4 weak (none include quantified outcomes or explicit timelines, and most are planning/process commitments). 3) Parent context: the parent is only a header and does not provide binding authority (e.g., ordinance/mandate) or an explicit spatial scope; therefore it does not materially strengthen measurability or enforceability of the subs. 4) Coverage/coherence: coverage is fairly high for the stated topic (detailed planning actions) and coherence is high because the measures reinforce each other (principles + pilots/monitoring + regulatory updates). 5) Applying the initiative soundness rule: it fails SOUND because aggregate_measurability is 'No' and there is no strong sub-action; it fails PARTIAL because there is no measurable target or deadline anywhere in the cluster. Therefore the initiative result is WEAK and the final verdict is False.",False,structural header,"The parent text is a section header—“Key actions related to detailed planning”—and does not itself state a standalone commitment with targets, deadlines, or enforcement; it primarily groups the sub-actions.","[{'action_label': 'Action 1: Promote renewables/wind principles; pilot projects with monitoring', 'has_quantifiable_target': 'No', 'has_timeline': 'No', 'is_concrete_action': 'No', 'strength': 'weak'}, {'action_label': 'Action 2: Enable construction energy efficiency to exceed national level; prepare regional principles', 'has_quantifiable_target': 'No', 'has_timeline': 'No', 'is_concrete_action': 'No', 'strength': 'weak'}, {'action_label': 'Action 3: Steer construction to influence energy consumption habits (shared spaces, lighting)', 'has_quantifiable_target': 'No', 'has_timeline': 'No', 'is_concrete_action': 'No', 'strength': 'weak'}, {'action_label': 'Action 4: Develop land-use planning regulations on renewables and energy efficiency', 'has_quantifiable_target': 'No', 'has_timeline': 'No', 'is_concrete_action': 'No', 'strength': 'weak'}]",0,0,4
Plot conveyance,Key actions related to plot conveyance.,Buildings,3,0.7,"The sub-actions collectively address the parent goal of “key actions related to plot conveyance” by specifying (1) stricter energy-efficiency requirements in plot conveyance conditions, (2) carbon footprint/eco-efficiency criteria in quality-based competitions, and (3) carbon-neutrality-oriented pilot competitions with learning feedback into future terms. A gap is the lack of explicit quantified performance thresholds (e.g., kWh/m², % emissions reduction) to verify impact from these plot conveyance levers.",0.85,"The sub-actions are complementary: they use plot conveyance conditions and competition criteria to influence building design, then add pilots and structured learning to refine future plot conveyance terms. There are no contradictions; the main weakness is that the elements are not fully tied to quantified performance metrics, which reduces trackability rather than coherence.",Yes,Yes,No,No,"no numeric outcome thresholds, limited timelines (only pilots/learning milestone specified), criteria-based language without measurable performance requirements","use of plot conveyance conditions as a concrete lever, inclusion of carbon footprint/eco-efficiency criteria, carbon-neutrality-focused competitions, stated time span (2017–2021 pilots; include experiences by 2035)",PARTIAL,0.62,"This initiative aims to reduce building energy use and carbon impacts by embedding stronger sustainability requirements and evaluation criteria into City plot conveyance and running carbon-neutrality-oriented competitions with a learning loop into future terms. Sub-action strengths: 0 strong, 3 moderate, 0 weak—each is a concrete intervention (requirements/criteria/pilots), but none specify quantified outcomes; only Sub-action 3 provides explicit time anchors (2017–2021 pilots; experiences included by 2035). The parent provides sector/context (plot conveyance actions) but does not add a binding legal mechanism or explicit spatial scope beyond the implicit City plot conveyance domain, so weaker measurability is not fully lifted by inheritance. Coverage is solid for “plot conveyance” levers (requirements + scoring + pilots), hence coverage_score 0.7; coherence is high because the measures reinforce one another and create an implementation pathway (set conditions → score proposals → pilot and refine), hence coherence_score 0.85. Applying the initiative soundness rule: it does not qualify as SOUND because aggregate measurability is limited by the absence of numeric targets and there is no strong sub-action; however, it meets PARTIAL because coverage is >= 0.4, multiple sub-actions are moderate, and there is at least one clear deadline in the cluster. Therefore the initiative_result is PARTIAL and the final verdict is True given confidence_score >= 0.55.",True,structural header,The parent text is a section header (“Key actions related to plot conveyance”) that groups the sub-actions and does not itself state an independent commitment or target.,"[{'action_label': 'Action 1: Stricter-than-national energy-efficiency requirements in plot conveyance conditions', 'has_quantifiable_target': 'No', 'has_timeline': 'No', 'is_concrete_action': 'Yes', 'strength': 'moderate'}, {'action_label': 'Action 2: Carbon footprint and eco-efficiency criteria in quality-based plot conveyance competitions', 'has_quantifiable_target': 'No', 'has_timeline': 'No', 'is_concrete_action': 'Yes', 'strength': 'moderate'}, {'action_label': 'Action 3: Carbon-neutrality-focused plot conveyance competition pilots; analyse and incorporate lessons (2017–2021; by 2035)', 'has_quantifiable_target': 'No', 'has_timeline': 'Yes', 'is_concrete_action': 'Yes', 'strength': 'moderate'}]",0,3,0
Building Control Services,Key actions related to building control.,Buildings,4,0.7,"The sub-actions collectively match the parent’s broad aim of “key actions related to building control” by addressing guidance to housing companies, practices for protected buildings, consideration of climate objectives in building code updates, and an end-to-end roadmap for building control. A key gap is the absence of outcome metrics (e.g., quantified energy savings, emissions reductions, or uptake targets) that would demonstrate that these building-control actions deliver the intended energy-efficiency results.",0.85,"The sub-actions are complementary and sit under a consistent theme: improving building control to enable energy-efficient renovation and construction. There is no obvious contradiction; the only limitation is that several items overlap as enabling/process measures (guidance, models, examination) without being tied to measurable performance outcomes.",No,Yes,No,No,"No quantified outcome targets, multiple process-oriented verbs (develop guidance, prepare models, examine, prepare roadmap), timelines only appear in one sub-action","Pilots during 2017–2021, experiences to be included by 2035, adoption of geothermal project implementation instructions, potential fee exemption exploration for geothermal",PARTIAL,0.6,"1) The initiative aims to improve building control services to promote energy-efficient renovations and construction, including renewable heating (geothermal), better practices for protected buildings, and integration of climate objectives into the building code/process. 2) Strength mix across 4 sub-actions: 0 strong, 3 moderate (Actions 1, 2, 4), 1 weak (Action 3). 3) The parent provides neither an explicit binding mechanism (e.g., ordinance/mandate) nor a clear spatial scope (e.g., citywide), so weaker items are not lifted by inherited enforceability or defined jurisdiction in the text provided. 4) Coverage is solid for a “building control” header because the subs span guidance, exemplars, code consideration, and a roadmap; coherence is high because all items fit the same enabling theme with no contradictions. 5) Applying the soundness rule: it fails SOUND because aggregate_measurability is 'No' and there is no 'strong' sub-action; it meets PARTIAL because coverage_score >= 0.4 and there are concrete deliverables and at least one explicit deadline (2017–2021 pilots; include experiences by 2035), meaning the cluster is not purely aspirational even though it lacks measurable outcome targets.",True,structural header,"The parent text is a section header (“Key actions related to building control”) that organizes related actions but does not itself state a standalone commitment, target, or mandate.","[{'action_label': 'Action 1: Pre-emptive guidance for housing companies; adopt geothermal instructions; explore fee exemptions', 'has_quantifiable_target': 'No', 'has_timeline': 'No', 'is_concrete_action': 'Yes', 'strength': 'moderate'}, {'action_label': 'Action 2: Operating models/examples for energy-efficient renovation of protected buildings', 'has_quantifiable_target': 'No', 'has_timeline': 'No', 'is_concrete_action': 'Yes', 'strength': 'moderate'}, {'action_label': 'Action 3: Examine how to account for climate objectives when updating the building code', 'has_quantifiable_target': 'No', 'has_timeline': 'No', 'is_concrete_action': 'No', 'strength': 'weak'}, {'action_label': 'Action 4: Prepare a building-control roadmap/service path (pilots 2017–2021; include experiences by 2035)', 'has_quantifiable_target': 'No', 'has_timeline': 'Yes', 'is_concrete_action': 'Yes', 'strength': 'moderate'}]",0,3,1
4.2.3 Energy renaissance,Key actions related to the energy renaissance.,Buildings,4,0.6,"The sub-actions collectively align with a buildings-focused “energy renaissance” by addressing renovation/program design (Action 1), heating fuel transition exploration (Action 2), resident guidance/tools (Action 3), and capacity-building for housing cooperatives (Action 4). A key gap is the lack of quantified outcomes (e.g., % of stock renovated, oil-heating phase-out requirements, or energy-savings targets) that would define what success looks like beyond timelines.",0.75,"The actions are complementary: Action 1 sets a program framework; Action 2 explores a major heating transition with a pilot; Actions 3 and 4 provide enabling supports (information/tools and decision-maker capacity) that could feed into program delivery. There is no obvious contradiction, but the mix leans toward enabling activities without clear links to binding implementation requirements.",Yes,Yes,No,No,"investigate (rather than commit/require), no quantified outcomes (no %/units/energy savings), no timelines for Actions 3–4, pilot area unspecified","Explicit timelines (2017–2021 planning; 2022–2035 implementation), 2035 milestone for ending oil heating, concrete deliverables (programme, 3D atlas/tools, training)",PARTIAL,0.6,"This initiative aims to drive a buildings-sector “energy renaissance” by creating a renovation support programme, exploring a transition away from oil heating, and enabling uptake through resident guidance tools and decision-maker training. Sub-action strengths: 0 strong, 3 moderate (Actions 1, 3, 4), 1 weak (Action 2) because it is framed as an investigation despite having a 2035 date. The parent provides neither a binding mechanism (no ordinance/mandate) nor an explicit spatial scope (no citywide/asset-specific scope), so weaker elements are not lifted by inheritance. Coverage is fair (0.6) because the package touches program design, technical information, and capacity-building, but lacks quantified outcomes and firm commitments for key transitions. Coherence is good (0.75) because actions are non-contradictory and plausibly sequenced (program + pilot + tools + training). Applying the INITIATIVE SOUNDNESS RULE: it is not SOUND (no strong sub-actions and limited measurability), but it meets PARTIAL (coverage >= 0.4; at least one moderate; and timelines exist in the cluster), so the verdict is PARTIAL.",True,structural header,"The parent text is a section-style label (“Key actions related to the energy renaissance”) that introduces a list of actions, but does not itself state a standalone commitment, target, or mandate.","[{'action_label': 'Action 1: Prepare energy renaissance programme for energy-efficient renovation (planning 2017–2021; implementation 2022–2035)', 'has_quantifiable_target': 'No', 'has_timeline': 'Yes', 'is_concrete_action': 'Yes', 'strength': 'moderate'}, {'action_label': 'Action 2: Investigate ending oil heating by 2035; select pilot area and examine options with residents', 'has_quantifiable_target': 'No', 'has_timeline': 'Yes', 'is_concrete_action': 'No', 'strength': 'weak'}, {'action_label': 'Action 3: Develop Energy and Climate Atlas (3D model) and tools for cost/potential assessment of building energy improvements', 'has_quantifiable_target': 'No', 'has_timeline': 'No', 'is_concrete_action': 'Yes', 'strength': 'moderate'}, {'action_label': 'Action 4: Improve energy-related competence of housing cooperative decision-makers via training and case presentations', 'has_quantifiable_target': 'No', 'has_timeline': 'No', 'is_concrete_action': 'Yes', 'strength': 'moderate'}]",0,3,1
4.2.4 New energy solutions,Key actions related to new energy solutions.,Energy,12,0.7,"The sub-actions broadly align with the theme of deploying and enabling new energy solutions: decarbonising electricity and district heating supply, improving metering/tariffs, and exploring waste heat, geothermal/geo-energy, and landfill gas. However, the parent goal is very general, and most sub-actions lack specific delivery quantities (e.g., MW, sites, buildings) or deadlines, leaving a gap in trackable outcomes beyond the 100% renewable district heating endpoint.",0.78,"The sub-actions are largely complementary: procurement/clean supply (Actions 2–3) sits alongside enabling measures (metering, tariffs, data models) and feasibility/pilots (two-way district heating, hybrid systems, geothermal/geo-energy surveys, waste heat, landfill gas). There is some redundancy in the multiple ‘survey/assess/examine’ geothermal-related items (Actions 10–11) and multiple exploratory items without sequencing/timelines, but no direct contradictions.",No,Yes,No,Yes,"examine/identified/assessed/surveyed language dominates, few explicit deadlines/years, budgets without outcome targets (€200,000; €150,000), many planning/study actions without delivery quantities","100% renewable district heating (explicit endpoint), scheduled procurement/switching plans, concrete piloting/adoption of two-way district heating, automation of hour-based remote water metering",PARTIAL,0.6,"The initiative aims to advance ‘new energy solutions’ by decarbonising purchased energy (renewable district heating and electricity) and enabling/expanding technical options (two-way district heating, hybrid heating, waste heat, geothermal/geo-energy, landfill gas) supported by improved metering, tariffs, and data tools. Sub-action strength count: 0 strong, 5 moderate (Actions 1–4, 6), and 7 weak (Actions 5, 7–12), with weakness driven mainly by study/assessment language and lack of deadlines. The parent header provides a citywide framing (‘Helsinki area’ / ‘City properties’ / ‘City area’) but does not establish an enforceable binding mechanism (no ordinance/mandate/code change), so weaker subs are not materially lifted into binding commitments. Coverage is fairly good for the broad theme (coverage_score 0.7) and coherence is solid (0.78) because supply procurement, pilots, and enabling planning measures fit together, though many items remain exploratory. Applying the initiative soundness rule: it is not SOUND because aggregate_measurability is No and there is no ‘strong’ sub-action; it qualifies as PARTIAL because it has meaningful concrete actions and at least one measurable target (100% renewable district heating) plus scheduled-plan commitments, despite major gaps in timelines and quantifiable delivery metrics. Therefore final_verdict is True given PARTIAL with confidence_score 0.6 (meeting the ≥0.55 threshold).",True,structural header,"The parent text is a section header (“4.2.4 New energy solutions”) that functions as an organisational label grouping the numbered measures; it does not itself state a specific commitment, target, or deadline independent of the sub-actions.","[{'action_label': 'Action 1: Helen customer-end emissions reduction actions (metering/tariffs/interfaces)', 'has_quantifiable_target': 'No', 'has_timeline': 'No', 'is_concrete_action': 'Yes', 'strength': 'moderate'}, {'action_label': 'Action 2: Plan and schedule renewable district heating procurement to reach 100%', 'has_quantifiable_target': 'Yes', 'has_timeline': 'No', 'is_concrete_action': 'Yes', 'strength': 'moderate'}, {'action_label': 'Action 3: Acquire renewable/emission-free electricity; scheduled switching plans', 'has_quantifiable_target': 'No', 'has_timeline': 'No', 'is_concrete_action': 'Yes', 'strength': 'moderate'}, {'action_label': 'Action 4: Automate water metering (hour-based, remotely readable)', 'has_quantifiable_target': 'No', 'has_timeline': 'No', 'is_concrete_action': 'Yes', 'strength': 'moderate'}, {'action_label': 'Action 5: Encourage citywide property efficiency via privacy-preserving data model (€200k)', 'has_quantifiable_target': 'No', 'has_timeline': 'No', 'is_concrete_action': 'No', 'strength': 'weak'}, {'action_label': 'Action 6: Investigate, pilot and adopt two-way district heating in City properties', 'has_quantifiable_target': 'No', 'has_timeline': 'No', 'is_concrete_action': 'Yes', 'strength': 'moderate'}, {'action_label': 'Action 7: Study hybrid heating impacts; create recommendations (€150k)', 'has_quantifiable_target': 'No', 'has_timeline': 'No', 'is_concrete_action': 'No', 'strength': 'weak'}, {'action_label': 'Action 8: Account for land-use needs of renewable energy production', 'has_quantifiable_target': 'No', 'has_timeline': 'No', 'is_concrete_action': 'No', 'strength': 'weak'}, {'action_label': 'Action 9: Identify major waste-heat locations; plan utilisation actions; analyse sewage heating impacts', 'has_quantifiable_target': 'No', 'has_timeline': 'No', 'is_concrete_action': 'No', 'strength': 'weak'}, {'action_label': 'Action 10: Assess geothermal well space needs in Underground Master Plan; mediate on regional/hybrid solutions', 'has_quantifiable_target': 'No', 'has_timeline': 'No', 'is_concrete_action': 'No', 'strength': 'weak'}, {'action_label': 'Action 11: Survey areas suitable for geo-energy (geothermal heating potential)', 'has_quantifiable_target': 'No', 'has_timeline': 'No', 'is_concrete_action': 'No', 'strength': 'weak'}, {'action_label': 'Action 12: Examine opportunities to recover/utilise landfill gas from closed landfills', 'has_quantifiable_target': 'No', 'has_timeline': 'No', 'is_concrete_action': 'No', 'strength': 'weak'}]",0,5,7
4.2.5 Funding and incentives,Key actions related to funding and incentives.,Buildings,5,0.6,"The sub-actions align with the parent goal of “funding and incentives” by addressing information dissemination (loans), identifying finance barriers, benchmarking procurement models, piloting ESCO delivery, and seeking state support for housing co-operatives. However, the cluster does not specify which building segments, scale of uptake, or intended retrofit/renewables outcomes, so it only partially connects funding actions to measurable buildings-sector results.",0.75,"The sub-actions are complementary: they move from outreach and diagnosing obstacles (Actions 1–2), to identifying models (Action 3), to piloting delivery (Action 4), and to negotiating higher-level support (Action 5). There are no contradictions, but the set remains largely process-oriented and lacks an explicit sequencing/timeline.",No,Yes,No,No,"no deadlines/years, no numeric outcome targets, survey/monitor/benchmark language, negotiate/prepare presentation language","ESCO pilot (tangible implementation trial), explicit focus on financing mechanisms (loans, procurement models) and state support for housing-cooperative renovations/renewables",WEAK,0.6,"1) The initiative aims to enable building energy renovations and renewable-energy uptake by improving financing channels (loan info), diagnosing barriers, adopting better procurement/funding models, piloting ESCO delivery, and negotiating state/city support for housing co-operatives (including oil system replacement). 2) Strength mix: 0 strong, 1 moderate (ESCO pilot), 4 weak (mostly outreach/survey/monitor/negotiate with no metrics). 3) The parent provides neither a binding mechanism nor a clear spatial/institutional scope that would strengthen the weaker process actions. 4) Coverage is moderate (0.6) because the actions do constitute a reasonable “funding and incentives” toolkit, but they do not specify scale, targeted uptake, or linkage to quantified building outcomes; coherence is good (0.75) because the measures are mutually reinforcing and non-contradictory. 5) Applying the initiative soundness rule: it fails SOUND because aggregate_measurability is 'No' and there is no 'strong' sub-action; it fails PARTIAL because the cluster contains no measurable target or deadline anywhere. Therefore the initiative is WEAK, and final_verdict is False (even with reasonable confidence).",False,structural header,"The parent text is a generic section label (“Key actions related to funding and incentives”) that groups related sub-actions, rather than stating a standalone commitment with targets, timelines, or an enforceable mechanism.","[{'action_label': 'Action 1: Highlight dissemination of energy renovation loan information via energy-efficiency page', 'has_quantifiable_target': 'No', 'has_timeline': 'No', 'is_concrete_action': 'No', 'strength': 'weak'}, {'action_label': 'Action 2: Survey financial obstacles to energy-efficiency projects (including ARA restrictions)', 'has_quantifiable_target': 'No', 'has_timeline': 'No', 'is_concrete_action': 'No', 'strength': 'weak'}, {'action_label': 'Action 3: Monitor and benchmark new funding/procurement models; adopt suitable procedures', 'has_quantifiable_target': 'No', 'has_timeline': 'No', 'is_concrete_action': 'No', 'strength': 'weak'}, {'action_label': 'Action 4: Pilot an ESCO project in the Helsinki Group in a chosen subsidiary community', 'has_quantifiable_target': 'No', 'has_timeline': 'No', 'is_concrete_action': 'Yes', 'strength': 'moderate'}, {'action_label': 'Action 5: Negotiate state support for housing-cooperative renovations and renewables; identify City support; prepare joint presentation', 'has_quantifiable_target': 'No', 'has_timeline': 'No', 'is_concrete_action': 'No', 'strength': 'weak'}]",0,1,4
4.2.7 Reducing the carbon footprint of buildings,Key actions related to wooden construction.,Buildings,2,0.6,"The two sub-actions align with the parent goal of promoting wooden construction, covering both planning levers and City-owned projects. However, the parent framing is narrow and the actions do not specify what level of uptake in wooden construction is sought or in which building segments beyond City projects.",0.75,"The sub-actions are mutually reinforcing: one uses detailed planning to enable wooden construction, and the other applies procurement/implementation in City-owned projects. There is no contradiction, but the cluster is repetitive and lacks sequencing details (e.g., what planning changes precede City delivery).",No,No,No,No,"promote (both sub-actions), no numeric targets, no deadlines/years, no specified instruments (e.g., code/procurement requirements) or deliverables",None,WEAK,0.6,"This initiative aims to reduce buildings’ carbon footprint by increasing wooden construction, using planning support and City-owned projects as levers. Sub-action strength count: 0 strong, 0 moderate, 2 weak—both are intent statements (“will promote”) with no measurable outcome and no timeline. The parent provides neither a binding mechanism (no ordinance/mandate) nor a defined spatial/institutional scope beyond what is implied in one sub-action (City’s own projects), so it does not lift the specificity of the subs. Coverage is partial-but-aligned (planning + City projects), yet key gaps remain: no targets for wood adoption, no deadlines, and no concrete instruments. Coherence is good because the actions are consistent and complementary, but the cluster fails the measurability requirement and lacks at least one strong sub-action; therefore, under the initiative soundness rule the result is WEAK and the final verdict is False.",False,structural header,"The parent text is a header-style label (“Key actions related to wooden construction”) that organizes the following sub-actions, rather than stating a standalone commitment with targets or requirements.","[{'action_label': 'Action 1: Promote wooden construction through detailed planning.', 'has_quantifiable_target': 'No', 'has_timeline': 'No', 'is_concrete_action': 'No', 'strength': 'weak'}, {'action_label': 'Action 2: Promote wooden construction in City-owned projects.', 'has_quantifiable_target': 'No', 'has_timeline': 'No', 'is_concrete_action': 'No', 'strength': 'weak'}]",0,0,2
4.3.1 Education,Key actions related to education.,Cross-cutting,5,0.8,"The sub-actions collectively align with the parent header by covering multiple education channels: formal schooling (curricula, early childhood/schools), higher education linkages (internships/joint projects), internal capacity-building (City employees/representatives), and resident-facing learning/engagement (courses, urban agriculture participation). A gap is the absence of any quantified education/skills outcomes (e.g., number of teachers trained, courses delivered, or participation targets) to demonstrate the initiative is achieving its education goals.",0.85,"The sub-actions are complementary and non-contradictory: they address different audiences (students/teachers, institutions, City staff, residents) and different delivery mechanisms (curriculum change, internships, courses, participatory mapping/rules). The only coherence weakness is that they are not sequenced (e.g., no stated order or timeline tying curriculum work to teacher training or resident programming).",No,Yes,No,No,"no numeric targets, no explicit deadlines/years in verbatim text, increase/strengthen language without defined magnitude","multiple concrete commitments (offer internships, organise courses, define criteria and rules), participatory delivery mechanism (crowdsourcing survey), multi-audience coverage (schools, institutions, City staff, residents)",PARTIAL,0.6,"1) The initiative aims to build climate/circular economy knowledge and skills across schools, educational institutions, City personnel, and residents, and to support low-carbon solutions adoption and urban agriculture engagement. 2) Strength mix: 0 strong, 4 moderate (Actions 1, 2, 4, 5), 1 weak (Action 3). 3) The parent is a non-binding structural header (“Key actions related to education”) and does not provide enforceable mechanisms or a defined spatial scope, so weaker measurability is not lifted by inherited context. 4) Coverage is high because the actions span major education pathways and audiences; coherence is also high because the actions are complementary and not redundant, though they are not explicitly sequenced. 5) Applying the initiative soundness rule: it fails SOUND because aggregate_measurability is 'No' and there is no 'strong' sub-action (no targets/timelines). It meets PARTIAL because coverage_score >= 0.4 and there are multiple concrete actions (moderate subs), but overall tracking is limited due to missing quantified outcomes and deadlines.",True,structural header,,"[{'action_label': 'Action 1: Strengthen climate change mitigation and circular economy skills in curricula; expand teachers’ knowledge', 'has_quantifiable_target': 'No', 'has_timeline': 'No', 'is_concrete_action': 'Yes', 'strength': 'moderate'}, {'action_label': 'Action 2: Offer internships and support campuses adopting low-carbon solutions', 'has_quantifiable_target': 'No', 'has_timeline': 'No', 'is_concrete_action': 'Yes', 'strength': 'moderate'}, {'action_label': 'Action 3: Increase environmental education in early childhood education and schools', 'has_quantifiable_target': 'No', 'has_timeline': 'No', 'is_concrete_action': 'No', 'strength': 'weak'}, {'action_label': 'Action 4: Organise courses on mitigation/adaptation and circular/sharing economy for employees, representatives and residents', 'has_quantifiable_target': 'No', 'has_timeline': 'No', 'is_concrete_action': 'Yes', 'strength': 'moderate'}, {'action_label': 'Action 5: Promote urban agriculture via crowdsourcing survey; define criteria and rules for use of spaces', 'has_quantifiable_target': 'No', 'has_timeline': 'No', 'is_concrete_action': 'Yes', 'strength': 'moderate'}]",0,4,1
4.3.2 Consumption and waste,Key actions related to consumption and waste management.,Waste,6,0.7,"The sub-actions broadly match the parent’s consumption/waste theme by addressing food-related emissions and food waste (City food services, schools/day care, internal catering operations, logistics, and retail surplus redistribution) plus event-related environmental criteria and CO2 measurement. A key gap is the absence of explicit quantified reduction goals (e.g., food waste reduction percentage, vegetarian meal share targets) and any stated timelines, which limits accountability.",0.75,"The actions are complementary: they address demand-side menu changes (recipes/vegetarian meals), operational waste reduction, supply/logistics considerations, external collaboration with retailers, and measurement/criteria for events. There is no obvious contradiction, but several items remain high-level (""will be increased/reduced"") without sequencing or targets, which reduces practical coherence for delivery tracking.",No,Yes,No,No,"no numeric targets, no deadlines/years, examine opportunities (exploratory), encourage use (non-binding)","concrete operational actions (recipes development, increase vegetarian meals, food waste reduction measures, update event criteria, develop CO2 measurement tools), named operational contexts (City food services, schools/day care, Service Centre, Palmia), cross-sector collaboration (grocery shops/Shared Table)",PARTIAL,0.6,"The initiative aims to reduce emissions and waste from consumption—especially food services and events—via menu changes, waste prevention, logistics improvements, partnerships with grocery retailers, and improved environmental criteria/measurement tools. Strength mix: 0 strong, 5 moderate, 1 weak (the transport item is largely “examine” rather than deliver). The parent provides neither a binding mechanism nor explicit spatial scope, so it does not elevate the measurability or enforceability of the sub-actions. Coverage is fairly good for the stated theme (food + events), and coherence is solid because the measures span prevention, operations, collaboration, and measurement; however, aggregate measurability is missing because there are no explicit quantified outcomes or timelines anywhere in the cluster. Applying the initiative soundness rule: it fails SOUND (aggregate_measurability = No and no strong sub-actions), but meets PARTIAL because it contains multiple concrete interventions (and tool/criteria development) even though it lacks measurable targets and deadlines; therefore the verdict is PARTIAL with moderate confidence.",True,structural header,"The parent text only states ""Key actions related to consumption and waste management"" and functions as an organizational heading grouping the sub-actions, not a standalone commitment with its own target, timeline, or mechanism.","[{'action_label': 'Action 1: Develop recipes to reduce emissions from City food services and protect the Baltic Sea.', 'has_quantifiable_target': 'No', 'has_timeline': 'No', 'is_concrete_action': 'Yes', 'strength': 'moderate'}, {'action_label': 'Action 2: Increase the proportion of vegetarian meals in schools and day care centres.', 'has_quantifiable_target': 'No', 'has_timeline': 'No', 'is_concrete_action': 'Yes', 'strength': 'moderate'}, {'action_label': 'Action 3: Reduce food waste in Service Centre, Palmia and other stakeholder operations (monitoring, campaigns, process efficiency, rationalising selection/pack sizes).', 'has_quantifiable_target': 'No', 'has_timeline': 'No', 'is_concrete_action': 'Yes', 'strength': 'moderate'}, {'action_label': 'Action 4: Examine opportunities for low-emission food transport (packaging, delivery efficiency).', 'has_quantifiable_target': 'No', 'has_timeline': 'No', 'is_concrete_action': 'No', 'strength': 'weak'}, {'action_label': 'Action 5: Increase collaboration with grocery shops to reduce food waste (transfer excess food to initiatives/institutions).', 'has_quantifiable_target': 'No', 'has_timeline': 'No', 'is_concrete_action': 'Yes', 'strength': 'moderate'}, {'action_label': 'Action 6: Update environmental criteria for events, encourage EcoCompass use, and develop CO2-measurement tools for events.', 'has_quantifiable_target': 'No', 'has_timeline': 'No', 'is_concrete_action': 'Yes', 'strength': 'moderate'}]",0,5,1
