location,policy_commitment,source_quote,has_measurable_target,has_deadline,has_legal_mandate,has_geographic_scope,extraction_notes,is_actionable,soundness_confidence,validation_reasoning,weak_language_detected,strong_language_detected,climate_strategy_type,additional_strategy_types,causal_mechanism,policy_instruments,classification_signals,classification_confidence,co_benefits_identified,classification_notes
seattle,"The City will reduce municipal fleet emissions by 50% by 2025 through electrification, cleaner fuels, efficiency, and procurement standards as guided by the Green Fleet Action Plan.","The Green Fleet Action Plan guides the City's efforts to meet the goal to reduce municipal fleet emissions by 50 percent by 2025 by increasingly electrifying the fleet, using cleaner fuels when electrification is not feasible, increasing efficiency in how vehicles are used, and setting standards for vehicle procurement.",Yes — reduce municipal fleet emissions by 50 percent by 2025.,Yes — by 2025.,No (program guidance) — the Green Fleet Action Plan guides efforts; it's a formal plan rather than a law in the quoted text.,Yes — municipal fleet (City of Seattle vehicles).,Existing programmatic target guiding municipal fleet policy with a clear numeric target and date (50% reduction by 2025).,True,0.87,VALID,,,Mitigation,Resource Efficiency,Human activity (municipal fleet fuel use) → ↓ GHG emissions (via electrification/cleaner fuels/efficiency) → ↓ atmospheric forcing,Fleet electrification; adoption of cleaner fuels; operational/vehicle-use efficiency improvements (e.g.; right-sizing/route optimization); vehicle procurement standards,"""reduce municipal fleet emissions by 50% by 2025""; ""electrifying the fleet""; ""cleaner fuels""; ""increasing efficiency in how vehicles are used""; ""standards for vehicle procurement""; ""Green Fleet Action Plan""",0.95,Improved local air quality and public health; reduced fuel and operating costs; noise reduction; energy security; potential reductions in maintenance costs,
seattle,"Require commercial buildings 50,000 sq ft or larger to complete Building Tune-Ups (operations & maintenance improvements) under SMC 22.930, with phased compliance beginning in early 2019.","Adopted in 2016, the Building Tune-Ups Ordinance (SMC 22.930) requires commercial buildings 50,000 square feet or larger to identifying low- or no-cost building operations and maintenance improvements to improve energy and water efficiency. Compliance deadlines will be phased in by building size, beginning in early 2019.","No numeric emissions target in the quoted text, but it quantifies expected percent energy reductions sector-wide (5-8% energy; 6-9% GHG) as expected outcomes.","Yes — compliance deadlines phased in by building size, beginning in early 2019.","Yes — Building Tune-Ups Ordinance (SMC 22.930), a local regulatory requirement.","Yes — applies to commercial buildings in Seattle 50,000 sq ft or larger.","Local ordinance requirement (SMC 22.930) imposing mandatory actions on a defined set of buildings, with phased compliance and a start date — fits binding mechanism + timeline criteria.",True,0.92,VALID,,,Resource Efficiency,Mitigation,Same service → decreased energy/water input,Mandatory building tune-ups (retro-commissioning/operations & maintenance improvements); regulatory compliance requirement with phased deadlines by building size; identification and implementation of low-/no-cost energy and water efficiency measures,"""Building Tune-Ups""; ""operations and maintenance improvements""; ""improve energy and water efficiency""; ""low- or no-cost""; ""commercial buildings 50; 000 square feet or larger""; ""compliance deadlines phased""",0.95,Emissions reduction (lower GHGs); reduced operating costs; water savings; lower peak electricity demand,
seattle,"Require owners of nonresidential and multi-family buildings 20,000 sq ft or larger to track and annually report building energy performance to the City (SMC 22.920).","Adopted in 2010, Seattle's Energy Benchmarking Program (SMC 22.920) requires owners of nonresidential and multi-family buildings (20,000 square feet or larger) to track energy performance and annually report to the City. The policy was updated in 2016 to make reported data publicly available to further increase awareness of building energy use and support real estate market transformation.","No emissions target in the quoted text, but it requires reporting for buildings 20,000 sq ft or larger.",No explicit deadline in the quoted lines (ongoing annual reporting).,"Yes — Energy Benchmarking Program (SMC 22.920), a municipal code requirement.","Yes — applies to nonresidential and multi-family buildings (20,000 sq ft+) in Seattle.",Existing binding municipal requirement (SMC 22.920) that mandates benchmarking and annual reporting; a specific intervention to enable emissions reductions.,True,0.88,VALID,,,Resource Efficiency,Mitigation,Same service → ↓ energy input (improved efficiency and reduced energy consumption per floor area),Mandatory energy benchmarking and disclosure (require owners to track and annually report building energy performance; public disclosure to drive market transformation and motivate efficiency improvements),"""track energy performance""; ""annual report""; ""Energy Benchmarking Program (SMC 22.920)""; ""publicly available""; ""increase awareness of building energy use""; ""market transformation""; ""building energy use""",0.92,Emissions reductions (GHG); lower energy costs for owners/tenants; market transformation of real estate sector; improved building performance awareness,
seattle,Pass an electric vehicle readiness ordinance in 2018 to ensure new construction or renovation of parking structures is built with EV infrastructure.,"Pass a new electric vehicle readiness ordinance in 2018, which will ensure new construction or renovation of parking structures is built with electric vehicle infrastructure.","No numeric target for infrastructure counts, but commits to requiring EV infrastructure in new/renovated parking.",Yes — commit to pass the ordinance in 2018.,Yes — a city ordinance is committed ('Pass a new electric vehicle readiness ordinance in 2018').,Yes — applies to new construction or renovation in Seattle.,"Explicit, time-bound municipal ordinance commitment to require EV infrastructure in new/renovated parking (pass ordinance in 2018) — specific intervention + timeline + binding mechanism implied (ordinance).",True,0.85,VALID,,,Mitigation,,Human activity (transport fuel choice) → ↑ EV infrastructure & uptake → ↓ on-road GHG emissions → ↓ atmospheric forcing,EV readiness ordinance requiring EV infrastructure provisions in new/renovated parking structures (e.g.; dedicated conduits; pre-wiring; space/electrical capacity for chargers); mandate for built-in EV charging infrastructure,"""electric vehicle readiness ordinance""; ""new construction""; ""renovation of parking structures""; ""built with electric vehicle infrastructure""; ""EV infrastructure""",0.92,Improved local air quality and public health; increased convenience for EV drivers; reduced oil consumption; potential economic stimulus for EV market; reduced retrofit costs for future charger installation,
seattle,Seattle Electrical Code (2017) requires new parking to have adequate electrical capacity to serve one EV charging station per parking space and to show conduit/equipment for future EV charging.,"In 2017, the Seattle Electrical Code was amended to ensure new parking is built to facilitate future electric vehicle charging infrastructure. The code requires adequate electrical capacity to serve one electric vehicle charging station per parking space and that construction documents show the location of equipment and conduit for future installation of electric vehicles charging stations.",Yes — requires adequate electrical capacity to serve one electric vehicle charging station per parking space (a specific technical requirement).,Yes — amendment adopted in 2017 (effective from that amendment).,Yes — Seattle Electrical Code amendment (binding code).,Yes — applies to new parking in Seattle.,Code amendment (2017 Seattle Electrical Code) imposing specific technical requirements for new parking — binding regulatory change.,True,0.95,VALID,,,Mitigation,,Human activity (vehicle fueling choices) → ↓ GHG emissions (via vehicle electrification enabled by EV‑ready infrastructure) → ↓ atmospheric forcing,EV‑ready parking/building code requirement (mandate for electrical capacity and conduit in new parking construction to enable future EV charger installation),"""electric vehicle charging station""; ""adequate electrical capacity""; ""conduit/equipment for future EV charging""; ""Seattle Electrical Code""; ""new parking""",0.95,Improved local air quality and public health; reduced noise; increased EV adoption; convenience/future‑proofing of buildings; potential local economic benefits,
seattle,Release a charging station network map and strategy in 2018 to guide equitable deployment and support the goal of 30% of light‑duty vehicles being electric by 2030.,"Release map of optimal distribution of charging infrastructure in 2018. An effective and just distribution of charging stations is critical to realizing the goal of 30 percent of light duty vehicles being electric by 2030, and to support electrification of professional fleets.",Yes — connects to the stated goal of 30 percent of light duty vehicles being electric by 2030; also has a release year 2018 for the map.,Yes — map to be released in 2018; EV target by 2030 referenced.,"No — this is a strategic/planning action (release a network map and strategy), not itself a law.",Yes — Seattle-wide charging distribution and network; focuses on equitable distribution across the city.,Time-bound enabling action to guide public/private investment in charging infrastructure and linked to a numeric EV adoption goal (30% by 2030).,True,0.78,VALID,,,Mitigation,,Increased EV adoption (enabled by charging network) → ↓ GHG emissions from light‑duty transport → ↓ atmospheric forcing,Charging infrastructure planning and mapping; guidance for equitable siting and deployment of public charging stations; strategy to support electrification of fleets and consumer EV uptake,"""charging station network map""; ""strategy""; ""support the goal of 30% of light‑duty vehicles being electric by 2030""; ""electrification of professional fleets""; ""optimal distribution of charging infrastructure""; ""equitable deployment""",0.95,Improved equity/access to charging; accelerated fleet electrification; reduced local air pollution; consumer convenience and potential economic development benefits,
seattle,Seattle City Light will install 20 public fast charging stations and launch a residential in-home charging program expected in fall 2018 to expand public fast charging availability and residential access.,"Through the right of way charging pilot program described above, City Light is installing 20 public fast charging stations to increase access, while also ensuring that charging is distributed more equitably around the city. The residential program will offer customers access to inhome charging at a manageable monthly cost and is expected to launch in the fall of 2018.",Yes — install 20 public fast charging stations; residential program expected to launch fall 2018.,Yes — residential program expected to launch in fall 2018; installation program described as underway.,"No — municipal utility program (Seattle City Light) implementation rather than a law, but it is a specific committed action by the utility.",Yes — deployment around the city (Seattle).,Utility program with quantified installations and a clear near-term timetable (20 public fast chargers; residential program launch expected fall 2018). This is a concrete City Light implementation action.,True,0.88,VALID,,,Mitigation,,Expanded EV charging access → decreased fossil fuel vehicle use/use of gasoline/diesel → decreased GHG emissions,Installation of public fast charging stations; residential in-home charging program; right-of-way charging pilot to distribute charging access equitably,"""public fast charging stations""; ""inhome charging""; ""increase access""; ""residential program""; ""right of way charging pilot""; ""expand public fast charging availability""; ""residential access""",0.9,Improved local air quality and reduced tailpipe pollution; increased equity/access to EV charging; convenience for EV owners; potential reduced fuel costs for households; encouragement of EV adoption,
seattle,Double the budget allocation for municipal building energy reductions (2021–2025) and target a 40% reduction in energy use and carbon emissions in municipal buildings by 2025.,"The City will lead the way toward performance standards by aiming to reduce energy and emissions from our own building portfolio. Building on existing efforts to reduce energy use 20 percent by 2020, the City will double its budget allocation from 2021 to 2025, and set a new target to achieve an overall 40 percent energy and carbon emissions reduction in municipal buildings by 2025.",Yes — achieve overall 40 percent energy and carbon emissions reduction in municipal buildings by 2025; double budget allocation from 2021 to 2025.,Yes — 40% reduction by 2025 and budget doubling planned 2021–2025.,No explicit binding mechanism in quoted text (budget commitment/plan) though it's a formal City program commitment.,Yes — applies to City-owned municipal buildings in Seattle.,Municipal commitment to allocate additional budget resources and a quantitative municipal building energy and emissions reduction target (40% by 2025) with specific timeline for increased funding (2021–2025).,True,0.88,VALID,,,Resource Efficiency,Mitigation,Same service → DECREASED energy input (leading to DECREASED GHG emissions as a secondary effect),Increased budget for building energy performance (municipal retrofits/efficiency upgrades); municipal building performance standards; energy use reduction programs,"""reduce energy and emissions""; ""double the budget allocation""; ""40 percent energy and carbon emissions reduction""; ""municipal buildings""; ""performance standards""",0.92,Emissions reduction (GHG); reduced operating costs/energy bills; municipal leadership/replication effects,
seattle,"Provide programs and incentives to spur improved energy efficiency in commercial and multifamily buildings, and phase in minimum performance requirements beginning in 2030.","Provide programs and incentives to spur improved energy efficiency and reduced carbon emissions, backed by a minimum performance standard beginning in 2030. Leading up to 2030, the city will work with building owners through incentives, technical assistance and other programs to help them become voluntary early adopters of the standards, and would then phase in performance requirements beginning in 2030.","No single numeric emissions percentage in the quoted statement, but it sets a regulatory start year (2030) for minimum performance standards.",Yes — performance requirements phase in beginning in 2030.,Yes/No — the text commits to programs and incentives with a phase-in to 'performance requirements beginning in 2030'; the binding mechanism would be the future phased-in performance requirements (implied regulatory requirement).,Yes — commercial and large multifamily buildings in Seattle.,"Policy to establish incentive-driven performance standards with a mandatory backstop beginning in 2030 (clear timeline and policy instrument — performance standard), applied to commercial and multifamily buildings.",True,0.78,VALID,,,Resource Efficiency,Mitigation,Same service → ↓ energy input (leading to ↓ emissions as a secondary outcome),Incentive programs; technical assistance; voluntary early-adopter programs; phased minimum building performance standards (mandatory from 2030); outreach/engagement with building owners,"""energy efficiency""; ""minimum performance standard""; ""programs and incentives""; ""technical assistance""; ""phase in performance requirements""; ""reduced carbon emissions"" (indicates co-benefit)",0.9,Emissions reduction (GHG); lower energy bills/cost savings for building owners; improved air quality; reduced peak energy demand; potential for job creation in retrofit services,
seattle,"Create a 2030 Challenge pilot offering additional height and floor area incentives for up to 20 major renovation projects that cut energy and water use well below code, including no fossil fuels for heating, with the pilot to reach projects by 2025.","Create pilot program offering additional height and floor area incentives for significant upgrades in energy and water use, and transportation efficiency. A new pilot will offer additional height and floor area incentives for up to 20 major renovations in urban centers outside the International District. Projects would receive the incentives in exchange for cutting energy and water use well below code, including no use of fossil fuels for heating.",Yes — up to 20 major renovations/projects; target completion by 2025.,Yes — pilot targets projects by 2025.,No — incentive-based pilot program (administrative/land-use incentives) rather than an immediate binding regulatory mandate; participation would be via developer agreements and zoning incentives.,Yes — urban centers outside the International District in Seattle.,Pilot program with a quantified scope (up to 20 major renovations) and a completion target (by 2025) offering zoning incentives in exchange for deep energy/water/transportation performance — specific intervention and timeline.,True,0.82,VALID,,,Mitigation,Resource Efficiency,"Human activity (building energy use, fossil-fuel heating) → ↓ GHG emissions",Zoning/incentive mechanism (additional height and floor area) tied to performance; mandatory deep energy efficiency upgrades; water-use reduction requirements; fossil-fuel heating prohibition / fuel-switching to non-fossil systems; performance-based compliance for a bounded pilot (up to 20 projects).,"""no use of fossil fuels for heating""; ""cutting energy and water use well below code""; ""2030 Challenge pilot""; ""additional height and floor area incentives""; ""major renovations""",0.87,Water savings; reduced operating costs; improved indoor air quality (from eliminating combustion onsite); transportation efficiency cobenefits from tied measures; urban density incentives; potential local air-pollution reductions,
